id,dateCreated,dateUpdated,address
0,2020-02-27,2020-03-20,"1783 Murray Points Wunschshire,Nevada 20965-7671"
1,2020-02-22,2020-01-12,"63534 Santino Motorway Noreneside,Wyoming 38483"
2,2020-03-03,2020-02-05,"717 Hartmann Glen North Sid,Alabama 04739"
3,2020-02-03,2020-03-02,"937 Hudson Isle West Izabella,Mississippi 33936"
4,2020-03-17,2020-01-05,"503 Aaliyah Crossroad Otiliashire,Florida 54577-7038"
5,2020-02-05,2020-02-16,"12712 Hilario Island Prosaccoberg,New Mexico 22914"
6,2020-03-09,2020-02-14,"26267 Yundt Park Valerieview,South Dakota 32307"
7,2020-01-13,2020-01-16,"02547 Bernhard Port Peggieside,New Mexico 35739-4305"
8,2020-03-27,2020-03-18,"826 Kirlin Square North Nannieville,Arkansas 72820"
9,2020-03-27,2020-01-16,"83687 Yasmeen Street Opalshire,New Jersey 40404-8226"
10,2020-02-22,2020-01-07,"731 Rempel Village Hopeton,Maine 61550"
11,2020-02-13,2020-02-20,"19424 Cornell Forge Robbietown,New Jersey 27713-5425"
12,2020-03-24,2020-02-09,"256 Wintheiser Row Jakubowskiton,Arkansas 57250-4332"
13,2020-03-06,2020-02-06,"024 Gladyce Village Adelaborough,Illinois 61692"
14,2020-01-10,2020-03-02,"265 Hyman Spur Erichaven,Washington 38178-9383"
15,2020-02-25,2020-01-16,"50154 Russ Ways Port Hellen,Florida 65399-5739"
16,2020-01-05,2020-02-27,"10316 Karianne Isle New Alainabury,Wyoming 35523-9010"
17,2020-03-10,2020-03-11,"2884 Ezra Fields West Lucychester,Indiana 23422-3114"
18,2020-03-25,2020-01-25,"95919 Cordelia Viaduct South Ethelshire,Mississippi 53961-3421"
19,2020-02-17,2020-02-15,"8270 Senger Locks Spinkaside,Montana 50381-1974"
20,2020-02-20,2020-01-23,"271 Muhammad Islands Jasonburgh,Pennsylvania 29805-4903"
21,2020-01-07,2020-03-19,"675 Alanna Terrace Rivershire,California 08862-5116"
22,2020-01-26,2020-02-24,"186 Konopelski Vista Michaelashire,Maine 22375-3841"
23,2020-01-13,2020-03-15,"4396 Kunde Light West Rickeyview,Montana 58636-7705"
24,2020-03-20,2020-01-20,"5176 Josephine Turnpike Buckridgemouth,Rhode Island 24196"
25,2020-02-03,2020-02-17,"3204 Gayle Radial Arielchester,Massachusetts 98605-6920"
26,2020-02-17,2020-03-14,"890 Sawayn Garden South Emely,Michigan 49160"
27,2020-01-20,2020-01-26,"194 Clark Loaf Konopelskitown,Florida 74538-2800"
28,2020-03-19,2020-01-23,"2319 Janae Harbors McCulloughberg,Montana 86428"
29,2020-02-10,2020-03-02,"22856 Davis Knolls South Ikeshire,Georgia 72707"
30,2020-03-27,2020-03-16,"6089 Funk Union West Reed,South Carolina 14012"
31,2020-02-13,2020-03-20,"03160 Janae Keys Browntown,South Carolina 43719-6822"
32,2020-03-06,2020-02-06,"226 Ollie Underpass Lake Edwinaport,Wisconsin 18298-4702"
33,2020-03-15,2020-03-18,"23953 Oberbrunner Coves Cruickshankshire,Wisconsin 54944"
34,2020-03-11,2020-02-09,"7263 Elenor Locks South Kentonview,Arizona 72820-9025"
35,2020-03-18,2020-03-14,"025 Tromp Fork Annalisetown,Pennsylvania 08656"
36,2020-03-08,2020-03-08,"75757 Mandy Spring Lake Woodrow,Connecticut 91083"
37,2020-03-08,2020-01-26,"2122 Ankunding Divide East Kingville,Texas 72535-1769"
38,2020-01-23,2020-02-25,"72157 Ryley Common Jackelinestad,Alaska 97541-5129"
39,2020-01-18,2020-02-18,"0072 Skiles Alley Edenchester,Utah 90191"
40,2020-02-11,2020-03-20,"10529 Batz Springs West Jamel,Washington 90689-8944"
41,2020-01-06,2020-03-11,"1751 Baumbach Expressway Stokesberg,Arkansas 07147"
42,2020-02-20,2020-01-08,"037 Mante Cove South Julianastad,Oregon 48919-6852"
43,2020-02-06,2020-01-14,"73210 Jordane Crossing Millerhaven,Louisiana 10923-3577"
44,2020-01-25,2020-02-08,"3613 Keebler Brooks North Alexandro,Minnesota 64887-6452"
45,2020-02-04,2020-01-24,"794 Gulgowski Forks North Savannaland,Nebraska 51936"
46,2020-01-04,2020-01-02,"22089 Concepcion Wall Rachelland,Tennessee 55350-0085"
47,2020-01-01,2020-03-10,"49474 Littel Views Hoseaburgh,New Hampshire 59205"
48,2020-03-03,2020-03-21,"38163 Bins Gardens New Zulaborough,Kansas 85066"
49,2020-02-24,2020-03-09,"61712 Kasandra Meadow North Orrinbury,Kentucky 65192"
50,2020-02-09,2020-02-03,"0365 Rutherford Turnpike West Rodolfo,Missouri 05341-1011"
51,2020-03-18,2020-02-07,"78533 Virginia Views West Armand,North Dakota 59373"
52,2020-03-22,2020-02-24,"958 Fay Burg East Nola,North Dakota 84637"
53,2020-03-02,2020-01-08,"20215 Jorge Point Armandborough,California 31279-0433"
54,2020-02-21,2020-02-21,"78995 Kohler Way Genovevaton,South Dakota 78529"
55,2020-01-01,2020-02-20,"043 Kuhic Plaza New Priceland,Missouri 39130"
56,2020-01-13,2020-02-02,"8377 Mertz Cliffs East Vernie,Connecticut 13412-6063"
57,2020-01-24,2020-03-20,"99689 Price Lane Prosaccotown,Washington 56745-9098"
58,2020-03-03,2020-02-11,"124 Sebastian Falls Schneiderborough,Hawaii 55869"
59,2020-02-05,2020-03-13,"55366 Vandervort Knoll Lake Aida,Maine 73857"
60,2020-02-18,2020-01-07,"9754 Ryley Views Morartown,Oregon 94937"
61,2020-03-09,2020-02-17,"20269 Bergstrom Mission New Paxtonfort,Louisiana 36279-7891"
62,2020-01-02,2020-02-18,"63699 Chester Canyon Port Ardithmouth,Arizona 28910"
63,2020-02-14,2020-03-02,"0285 Norval Trace North Dakotaside,Ohio 33974"
64,2020-01-12,2020-02-20,"82522 Bartell Branch Port Brittany,Utah 63326"
65,2020-02-19,2020-02-08,"05012 Nathaniel Divide North Katheryn,Mississippi 48547-9779"
66,2020-02-03,2020-03-20,"374 Lilliana Radial North Furmanville,Arizona 82485"
67,2020-03-20,2020-01-15,"00467 Davis Lock West Quinten,Texas 02668"
68,2020-02-11,2020-01-05,"7647 Koch Burg North Elta,Hawaii 73787"
69,2020-03-27,2020-01-08,"4106 Amparo Canyon Lake Lizethborough,Texas 82147"
70,2020-02-20,2020-03-15,"60123 Stroman River Port Kieranborough,Alabama 75901-3694"
71,2020-02-27,2020-01-02,"9729 Boyle Trail South Augustineborough,Oklahoma 05195"
72,2020-01-22,2020-02-26,"6987 Schaefer Crossing Weissnatstad,South Dakota 21030-8513"
73,2020-03-17,2020-01-13,"48119 Grayce Ford Jonathonstad,Vermont 81980-7549"
74,2020-02-12,2020-02-18,"81083 Barrows Garden West Susiechester,Louisiana 07214"
75,2020-01-14,2020-03-26,"6114 Volkman Loop East Aliyaville,Arkansas 19376"
76,2020-02-16,2020-03-17,"0881 Cristian Lodge Altenwerthland,New York 36944"
77,2020-02-10,2020-01-18,"2583 Domenick Ridge South Lourdesberg,North Carolina 88969-5471"
78,2020-02-25,2020-02-20,"797 Quitzon Roads North Eliseo,New Hampshire 71400-5617"
79,2020-02-04,2020-02-07,"9863 May Landing Muellermouth,Wyoming 56052-6522"
80,2020-03-04,2020-01-18,"6596 Eldon Divide South Justus,Utah 20028-9009"
81,2020-02-15,2020-02-22,"670 Emmie Neck Kayleighton,Kansas 99003-6987"
82,2020-03-12,2020-02-18,"337 Stehr Mill New Tedmouth,Pennsylvania 91462-0867"
83,2020-02-01,2020-01-05,"930 Dallas Mews West Ahmadside,Tennessee 20761"
84,2020-03-25,2020-02-13,"32449 Dolores Mission East Janiceberg,Wyoming 87211-9981"
85,2020-03-10,2020-02-01,"666 Jessie Islands Erdmanfort,Massachusetts 36793-4287"
86,2020-01-27,2020-01-02,"9185 Camila Loaf North Willowside,Georgia 96218-9323"
87,2020-01-21,2020-02-23,"64123 Reichel Plaza Port Edgardo,Ohio 80506-7144"
88,2020-01-18,2020-01-02,"3890 April Fields North Haleyside,Delaware 42018"
89,2020-01-25,2020-01-02,"078 Stokes Ranch Langland,Rhode Island 36276-4172"
90,2020-01-23,2020-01-23,"12250 Kian Rue Port Alexaberg,North Carolina 14569-6048"
91,2020-03-14,2020-02-11,"91331 Rodrigo Island New Deshaun,Florida 94132-1186"
92,2020-03-21,2020-01-06,"665 Lavina Via Port Ressietown,New Hampshire 18867"
93,2020-01-12,2020-01-17,"57025 Simonis Loop Port Dexterhaven,Maryland 47246"
94,2020-02-22,2020-03-04,"80741 Beatty Glen West Samfurt,West Virginia 31319-5358"
95,2020-03-04,2020-03-13,"24530 Ava Pine Geraldtown,South Dakota 25539"
96,2020-03-24,2020-01-22,"48690 Aletha Oval Schusterville,Michigan 18068"
97,2020-02-18,2020-01-20,"7175 Dare Harbor Lake Margot,Arizona 15957"
98,2020-03-18,2020-02-05,"57992 Furman Garden South Abrahamland,South Dakota 72730-9076"
99,2020-02-04,2020-01-22,"9932 Fisher Course Johnsfort,Massachusetts 98949-0309"
100,2020-03-16,2020-01-23,"651 Bulah Burg Schmelerport,Hawaii 92385-9019"
101,2020-01-15,2020-03-23,"932 Ernser Track Franciscohaven,Connecticut 46214"
102,2020-02-14,2020-02-12,"01438 Jacobs Lodge Eldachester,Oklahoma 55248-7133"
103,2020-01-24,2020-01-25,"986 Trystan Hollow Lake Jed,New Hampshire 06171-5558"
104,2020-03-07,2020-03-18,"1311 Abigayle Curve Quitzonland,Minnesota 03238-6156"
105,2020-03-15,2020-03-15,"2947 Carolyn Heights Hamillside,California 72812-9845"
106,2020-03-27,2020-03-10,"82628 Melody Skyway Port Westonstad,Wyoming 74283-3631"
107,2020-02-06,2020-03-13,"65556 Pollich Highway Emiliaberg,Nebraska 95650"
108,2020-01-27,2020-03-25,"60101 Kertzmann Burgs Lillybury,Idaho 72935"
109,2020-02-13,2020-02-17,"4021 Kayden Forks Jastside,Kentucky 75211-1376"
110,2020-03-17,2020-01-17,"8661 Jayce Hollow West Rozella,Nebraska 90860"
111,2020-01-05,2020-03-24,"60995 Strosin Roads Strackemouth,Hawaii 96495-2223"
112,2020-02-07,2020-02-17,"03922 Preston Flat New Jessymouth,Wisconsin 02497"
113,2020-01-03,2020-02-14,"7158 Barton Point West Jamar,Rhode Island 51088-7654"
114,2020-03-02,2020-03-18,"52592 Boyer Manors North Aryanna,Iowa 02856"
115,2020-03-05,2020-02-20,"07694 Will Heights West Flossie,Wisconsin 60689"
116,2020-02-16,2020-03-09,"4589 Bahringer Inlet South Maegan,South Carolina 53013-5289"
117,2020-01-18,2020-03-23,"3684 Joy Cove North Annabel,West Virginia 52488"
118,2020-03-14,2020-02-02,"54826 Olson Passage West Henderson,Vermont 95284"
119,2020-02-14,2020-01-05,"698 Audrey Mews Tremblayfurt,Missouri 25786"
120,2020-01-25,2020-03-10,"66549 Marks Coves Kentown,Rhode Island 12089"
121,2020-03-15,2020-01-07,"117 Schoen Village Tamaraside,Minnesota 07365-3875"
122,2020-03-07,2020-02-22,"95251 Brian Plains New Sienna,Kentucky 21540"
123,2020-03-15,2020-02-07,"326 Rowe Mountain Lake Zenaland,Connecticut 32097"
124,2020-01-26,2020-03-23,"231 Gabriel Shoals Yasminemouth,New Jersey 56326-1669"
125,2020-01-27,2020-01-26,"39609 O'Keefe Keys Lake Lexus,Wyoming 02351"
126,2020-01-24,2020-02-17,"8680 Hintz Falls South Eliasfort,Delaware 48512"
127,2020-01-26,2020-01-05,"0475 Lauren Mountain Leolaborough,North Dakota 24227-4426"
128,2020-02-27,2020-03-27,"716 Bauch Stream West Susie,Texas 42291-2645"
129,2020-03-26,2020-02-13,"894 Rath Parkway Alyciahaven,North Carolina 77979-2118"
130,2020-02-14,2020-03-25,"5347 Huel Mill Kirlinshire,South Carolina 54093-8929"
131,2020-01-25,2020-02-04,"38084 Treutel Mission East Darrion,Colorado 08399"
132,2020-01-20,2020-01-25,"122 Kulas Prairie South Karli,Hawaii 26990-5205"
133,2020-01-09,2020-01-25,"82491 Hodkiewicz Manor New Baileetown,Ohio 21386"
134,2020-02-12,2020-02-03,"8112 Murray Squares Duncanberg,New Jersey 31885"
135,2020-01-12,2020-02-24,"5259 Crist Stravenue Medhurststad,Arkansas 96130"
136,2020-03-19,2020-02-25,"4975 Arjun Mount Romagueraberg,Indiana 26369"
137,2020-03-16,2020-01-09,"384 Kohler Spring Noemistad,Alabama 14475-5301"
138,2020-02-08,2020-01-17,"8546 O'Connell Harbor Nilsmouth,Arizona 72590-6360"
139,2020-02-13,2020-01-21,"8843 Hintz Keys New Kaela,Louisiana 52034"
140,2020-03-22,2020-01-26,"594 Carlos Turnpike North Emiliaport,New York 99560-5038"
141,2020-01-11,2020-01-03,"670 Fatima Port North Johnpaulside,Missouri 02835-9913"
142,2020-02-22,2020-02-17,"92018 Aufderhar Ports Schuppeborough,Oklahoma 70558-0292"
143,2020-01-12,2020-01-23,"496 Buckridge Inlet Port Zella,Rhode Island 52922"
144,2020-03-01,2020-01-09,"94902 Hadley Lakes New Sandra,New Jersey 84491-3033"
145,2020-02-03,2020-03-20,"0804 Berry Ford South Yoshikotown,Massachusetts 68560-2869"
146,2020-03-22,2020-02-06,"9840 Carrie View Bradyfort,Connecticut 90280-4190"
147,2020-02-06,2020-01-20,"61111 Keara Highway Ernserfort,Maine 73029"
148,2020-03-27,2020-01-10,"811 Noble Fall Lake Johnathan,Wyoming 38901"
149,2020-03-08,2020-02-04,"804 Ruecker Plaza Emerystad,Arizona 87813"
150,2020-03-20,2020-03-22,"56388 Turner Plaza East Loyalville,Iowa 70779"
151,2020-01-02,2020-02-21,"82119 Rath Vista East Rextown,Tennessee 84257"
152,2020-03-15,2020-03-09,"9748 Brekke Well Ankundingbury,Hawaii 82641"
153,2020-02-16,2020-01-13,"396 Rod Forges Heathcoteville,Kansas 55072-7112"
154,2020-02-13,2020-01-23,"1049 Cremin Circle East Estrellaport,Nebraska 79103"
155,2020-01-20,2020-02-17,"078 Kutch Mill New Yadiraberg,Idaho 66518-3446"
156,2020-01-02,2020-01-02,"7389 Bradtke Centers North Marguerite,Arkansas 27370"
157,2020-01-08,2020-01-07,"6719 Lurline Gardens New Holdenland,Michigan 93243"
158,2020-03-20,2020-02-27,"542 Marcella Junctions Funkmouth,Alaska 29394"
159,2020-02-19,2020-03-04,"733 Kessler Shoal Jaceside,Massachusetts 61873"
160,2020-03-07,2020-01-14,"617 Sammie Glen North Elliotland,Georgia 61608-8151"
161,2020-03-18,2020-03-12,"32534 Skyla Green West Jeanie,Kansas 12705"
162,2020-01-15,2020-02-26,"43654 Remington Flat Abbottport,Georgia 10808"
163,2020-02-12,2020-02-26,"6997 Dickinson Mills Deshawnchester,North Dakota 92552"
164,2020-02-02,2020-02-22,"482 Miller Mountains South Harrisonton,Texas 19984"
165,2020-03-18,2020-02-13,"648 Immanuel Pike East Alexieborough,Arizona 09141-7588"
166,2020-03-05,2020-03-04,"7956 Krajcik Drives North Jamaal,Delaware 58818-9019"
167,2020-03-04,2020-03-12,"7707 Ian Road South Joyce,Arizona 33118"
168,2020-02-04,2020-01-08,"454 Abbott Coves Nicolasshire,Ohio 46048-6125"
169,2020-01-06,2020-02-18,"654 Camden Land North Rogelio,Wyoming 91442-8133"
170,2020-02-10,2020-02-02,"70229 Dedrick Plaza Schowaltermouth,Wyoming 08400-7410"
171,2020-01-16,2020-03-03,"7013 Darrin Islands South Niko,Iowa 28062-3830"
172,2020-02-08,2020-01-12,"8995 Murphy Cliff Colliershire,Pennsylvania 92756"
173,2020-03-05,2020-01-02,"962 Batz Coves Derickbury,Alaska 79857-5160"
174,2020-03-01,2020-02-04,"92490 Wunsch Isle West Magnoliafort,West Virginia 48744"
175,2020-01-04,2020-01-23,"558 Runte Creek New Joesph,West Virginia 49601"
176,2020-02-10,2020-02-07,"1515 Watsica Brook Chaunceyhaven,Colorado 48493-1700"
177,2020-03-16,2020-03-05,"018 Aliza Falls Weberport,New Hampshire 04818"
178,2020-03-13,2020-01-03,"7400 Bridget Way North Elainaton,Nebraska 55788"
179,2020-02-09,2020-03-20,"3972 Nick Ville Walshstad,Colorado 10224"
180,2020-03-14,2020-03-01,"61191 Jedediah Shoals North Ethyl,New Jersey 26829"
181,2020-01-07,2020-01-23,"7022 Schultz Burg Port Donald,Pennsylvania 90395"
182,2020-03-09,2020-03-02,"2644 Lubowitz Stravenue Laurettahaven,Missouri 85788-0871"
183,2020-02-26,2020-02-25,"24700 Ansley Ridge East Adrianastad,Idaho 77099-7884"
184,2020-02-20,2020-02-12,"8208 Domenick View North Mable,Hawaii 16276-2329"
185,2020-02-15,2020-01-24,"2640 Eda Oval New Liana,Kansas 27784-6324"
186,2020-03-21,2020-02-07,"37042 Myra Spur Port Laurenberg,Alabama 07864-4697"
187,2020-03-23,2020-01-11,"7108 Lesly Corners Schummbury,Iowa 70496"
188,2020-02-18,2020-03-22,"08806 Elizabeth Crossing Dillonmouth,Maine 53227-1500"
189,2020-03-21,2020-02-25,"7103 Graham Trafficway Rutherfordfurt,North Carolina 31953-0554"
190,2020-03-05,2020-03-16,"315 Howe Highway West Finntown,Maryland 09909-0738"
191,2020-03-22,2020-03-25,"8126 Kayla Springs Garettside,Vermont 18356-3629"
192,2020-03-21,2020-01-24,"0216 Harber Ways West Timmothyside,Rhode Island 60941-4089"
193,2020-02-07,2020-01-20,"80999 Hilll Square New Lonie,Michigan 46139-3349"
194,2020-03-18,2020-03-08,"538 Fahey Bridge New Jermey,Idaho 62148"
195,2020-03-23,2020-03-16,"288 Paucek Walk Jerdefort,Rhode Island 58967-8763"
196,2020-02-04,2020-03-26,"2637 Ortiz Forge Daniellafort,Oregon 77565-1610"
197,2020-02-02,2020-03-01,"87763 Rau Terrace Marvinborough,Texas 64090-4496"
198,2020-01-15,2020-01-17,"70679 Shaniya Prairie New Jeremieside,South Carolina 71192"
199,2020-03-10,2020-03-04,"2240 Kirsten Junctions Lake Savannabury,Colorado 19763"
200,2020-01-08,2020-03-15,"4594 Muller Extensions Mauriceview,Vermont 80847"
201,2020-01-26,2020-01-01,"0186 Cummerata Plain Lake Fredericview,Idaho 76266-3746"
202,2020-01-06,2020-01-08,"981 Lois Shores New Helmer,Alabama 43238-3936"
203,2020-01-04,2020-03-13,"015 Jordane Lake Port Abraham,Iowa 56190"
204,2020-03-15,2020-03-17,"697 Reichel Inlet East Lornatown,Alaska 38932"
205,2020-03-06,2020-03-01,"7326 Green Skyway Jettshire,Hawaii 77553"
206,2020-01-06,2020-03-11,"3800 Vivian Mountains Mistyport,Delaware 83313-6850"
207,2020-01-09,2020-02-26,"210 Heathcote Harbors Port Aniya,Texas 30843-0483"
208,2020-03-05,2020-02-18,"53193 Vaughn Road Gerholdchester,Wyoming 45025"
209,2020-03-27,2020-02-01,"3594 Brennan Corners North Leora,Vermont 67116"
210,2020-01-22,2020-02-24,"042 Fay Centers New Rileyburgh,Maryland 82818"
211,2020-01-25,2020-03-24,"833 Wolf Station West Marquesmouth,West Virginia 84309-1911"
212,2020-03-02,2020-01-02,"51847 Skiles Groves Kreigershire,Minnesota 58089-3533"
213,2020-01-03,2020-03-16,"608 Hane Passage Joeyview,Idaho 69418-9855"
214,2020-01-01,2020-03-09,"826 Ludie Walks East Helga,California 96334"
215,2020-01-16,2020-01-10,"62495 Leonie Plaza Westburgh,Nebraska 28523-0226"
216,2020-02-19,2020-03-03,"6748 Claudia Springs Stehrshire,Nevada 23152-7175"
217,2020-01-15,2020-03-05,"18122 McCullough Mill Luisfort,Oregon 55072"
218,2020-01-12,2020-03-22,"94432 Queenie Mountains Lake Gladyshaven,Florida 65191"
219,2020-03-24,2020-03-03,"411 Schiller Bypass Maximusstad,New York 17710-0550"
220,2020-02-24,2020-03-20,"265 Stark Forge Port Mariam,California 64073"
221,2020-01-22,2020-01-11,"61247 Franco Cove North Dina,Maine 07866-8427"
222,2020-01-12,2020-01-20,"1240 Hollie Mountains Prudencestad,Virginia 74291-2859"
223,2020-02-26,2020-02-04,"548 Elaina Crescent North Dawnview,Maine 72427-9208"
224,2020-02-26,2020-03-07,"3984 Zachery Spur Richardville,Oregon 48259-6695"
225,2020-02-27,2020-01-19,"30411 Douglas Flats Lake Roy,Massachusetts 30231"
226,2020-01-27,2020-02-21,"1994 Torphy Valleys West Cotyville,Maryland 18203"
227,2020-02-20,2020-01-05,"420 Effie Squares East Madieberg,Alaska 11037"
228,2020-02-02,2020-01-22,"58834 Murray Road Cummerataborough,Indiana 21638-1210"
229,2020-03-23,2020-01-23,"48802 Bogisich Plaza Einarmouth,Wisconsin 13611"
230,2020-01-18,2020-03-19,"47335 Gerlach Dale North Marianne,Connecticut 96298-6190"
231,2020-01-10,2020-03-21,"29808 Fisher Loaf Sawaynmouth,South Carolina 66329"
232,2020-03-13,2020-03-02,"151 Windler Walk North Maciton,Virginia 25582"
233,2020-03-01,2020-01-17,"12138 Jaskolski Fall Okunevastad,California 54514-3930"
234,2020-02-26,2020-02-18,"182 Zelma Flats East Elise,Colorado 61823"
235,2020-01-11,2020-01-26,"174 Grady Throughway Rutherfordchester,Maine 62140"
236,2020-02-27,2020-01-12,"5734 Garfield Road Port Williamville,Wyoming 12169-0865"
237,2020-02-19,2020-02-03,"6946 Wilderman Mountain Meggiestad,New York 69773"
238,2020-01-07,2020-02-17,"61567 Haley Curve Jaychester,North Dakota 10661-9527"
239,2020-03-25,2020-01-08,"211 Guiseppe Forest West Raphaelle,Maine 99685-6074"
240,2020-02-24,2020-01-27,"22919 Jones Hill New Gregg,Colorado 49486-7062"
241,2020-03-01,2020-03-14,"284 Altenwerth Keys Trantowbury,Michigan 36901"
242,2020-01-05,2020-01-19,"3712 Xander Knolls Vivaside,Hawaii 89083"
243,2020-02-20,2020-01-13,"47311 O'Hara Station South Lee,North Carolina 35434-7578"
244,2020-03-16,2020-03-25,"4426 Feil Square East Sylvester,New York 11782-2523"
245,2020-03-11,2020-02-22,"295 Schowalter Street Boganton,New York 02641-5545"
246,2020-03-05,2020-03-21,"97924 Stark Pike Gradyburgh,Georgia 07012-9733"
247,2020-01-27,2020-01-21,"9151 Casper Corner North Clemmie,Arkansas 59607"
248,2020-03-07,2020-02-13,"88165 Towne Summit South Mazie,Maryland 63904-0205"
249,2020-03-16,2020-02-17,"036 Allan Roads Port Koby,Hawaii 60913"
250,2020-03-10,2020-02-23,"213 Yasmine Extension Cleoraville,Oregon 92651"
251,2020-01-10,2020-03-16,"959 Hickle Court Dejuanstad,Alabama 20854"
252,2020-03-04,2020-03-18,"13524 Amely Highway Wilkinsonhaven,California 45081"
253,2020-01-12,2020-01-05,"455 Brekke Valleys North Jada,Montana 82515"
254,2020-02-18,2020-02-20,"52618 Reinger Gateway Port Felicia,Tennessee 38690-4148"
255,2020-03-03,2020-01-02,"544 Mackenzie Neck East Ernestfort,Missouri 31797-5737"
256,2020-03-04,2020-03-10,"157 Lind Locks Schultztown,Iowa 74346"
257,2020-02-18,2020-03-08,"496 Cremin Throughway Blaiseland,Mississippi 68060-3552"
258,2020-02-08,2020-03-05,"456 Schmeler Greens Rutherfordview,Texas 02714-1405"
259,2020-01-01,2020-02-02,"3608 Rachael Ranch Garfieldmouth,Nebraska 99206-8144"
260,2020-01-10,2020-02-07,"73074 Arden Circles Port Velva,Alabama 60868-5649"
261,2020-01-18,2020-03-07,"0174 Aurore Port Binsview,Montana 95288"
262,2020-02-06,2020-03-16,"249 Sibyl Square West Retta,Illinois 90743-2857"
263,2020-01-23,2020-02-09,"11409 Zula Mills South Romanmouth,Nebraska 51521-5278"
264,2020-02-11,2020-01-15,"15336 Candelario Well East Ryley,Colorado 59094-0823"
265,2020-01-27,2020-02-11,"470 Marcelle Roads Port Alainatown,New Jersey 34262-9224"
266,2020-02-23,2020-01-27,"60877 Murphy Alley Rautown,South Carolina 08518-1230"
267,2020-02-04,2020-02-08,"7551 Beier Cliff Dickichester,Idaho 22753"
268,2020-01-27,2020-01-16,"29399 Katlyn Road Nikolaustown,Idaho 07864-1143"
269,2020-02-12,2020-02-05,"9961 Runte Stravenue Bashirianhaven,Arizona 69768-7376"
270,2020-03-18,2020-02-11,"7386 Izaiah Cliff Antoneberg,Alabama 73994-8627"
271,2020-03-14,2020-02-15,"91291 Reilly Fields East Tiana,Washington 08131"
272,2020-03-12,2020-02-18,"643 Percy Expressway New Mohammad,Texas 86449"
273,2020-02-09,2020-03-23,"480 Stehr Meadows Emerybury,Alaska 04613"
274,2020-02-17,2020-01-17,"88945 Homenick Terrace Ronport,Ohio 33275"
275,2020-01-16,2020-01-02,"64179 Saige Ports East Sylviafurt,Connecticut 84365-9586"
276,2020-02-25,2020-02-18,"73938 Kaycee Gardens Janbury,Montana 73359-8657"
277,2020-01-27,2020-02-07,"263 Rolfson Forges Dariusberg,Michigan 58011-6017"
278,2020-03-06,2020-02-03,"37332 Carter Streets Botsfordshire,Delaware 18256"
279,2020-01-12,2020-01-24,"511 Carolyne Trail Berrymouth,Colorado 24175"
280,2020-03-01,2020-01-09,"06890 Cierra Center South Opalbury,Colorado 51508"
281,2020-02-25,2020-01-21,"7366 Dahlia Knolls East Kayburgh,Rhode Island 09803-1656"
282,2020-01-25,2020-02-21,"6207 Frami Streets West Letha,Mississippi 49068"
283,2020-03-23,2020-03-16,"13396 Modesta Pines South Waltonmouth,North Carolina 60396"
284,2020-03-16,2020-02-24,"28232 Carmella Mills South Verona,New York 06937-0811"
285,2020-02-25,2020-01-16,"1936 Spencer Station New Pietrohaven,Illinois 36913"
286,2020-02-23,2020-03-13,"093 Earline Inlet Makennaview,Oregon 38926-7021"
287,2020-02-06,2020-02-26,"818 Wilfredo Villages Newellbury,Alabama 25849-6807"
288,2020-02-06,2020-03-12,"18242 Prohaska Lodge Eladiofurt,Massachusetts 49011"
289,2020-02-12,2020-01-17,"35584 Eugenia Lodge Lake Josiahburgh,Vermont 20156-2042"
290,2020-02-13,2020-03-14,"264 Jerde Circles Kirlinshire,North Carolina 53651-5733"
291,2020-02-16,2020-01-01,"7397 DuBuque Forks West Hesterchester,New Hampshire 54917-8904"
292,2020-01-09,2020-02-16,"129 Goodwin Skyway Brooklynmouth,Montana 04282"
293,2020-01-27,2020-03-06,"2202 Dakota Curve Nicholeberg,Vermont 77114-4052"
294,2020-02-24,2020-01-15,"449 Curtis Lights North Laurence,Ohio 20406-8865"
295,2020-01-04,2020-03-17,"9972 Juana Isle Amarafurt,New Jersey 75413-0658"
296,2020-02-10,2020-02-24,"710 Arvid Rue Lake Myriam,Washington 27036-8765"
297,2020-02-18,2020-03-24,"761 Vivienne Freeway Karlimouth,Kentucky 32037"
298,2020-01-11,2020-02-22,"1854 Johnson Lodge Goodwinbury,New York 75745-7981"
299,2020-03-04,2020-02-09,"48616 Shirley Junction North Chloe,North Carolina 91583-5109"
300,2020-02-03,2020-01-19,"73781 Vaughn Plain Freemanfurt,Minnesota 75855"
301,2020-03-02,2020-02-12,"69287 Bosco Stream New Christystad,Wisconsin 59346-1126"
302,2020-01-22,2020-03-09,"64628 Dooley Wells Port Robin,Oklahoma 39373"
303,2020-03-12,2020-02-05,"34298 Alden Turnpike Perryton,Maine 33797-7742"
304,2020-01-22,2020-01-05,"8285 Thad Square Biankafort,Alabama 64374-1921"
305,2020-01-13,2020-02-20,"71218 Braun Streets Rueckerton,Alaska 54247-2908"
306,2020-01-07,2020-02-06,"72793 Cordie Fort Larkintown,Kansas 57237"
307,2020-03-10,2020-01-10,"4835 Milton River Lake Carlie,Kansas 49098"
308,2020-01-17,2020-02-04,"47905 Muller Ports West Jena,New Jersey 89990-1808"
309,2020-02-26,2020-02-04,"6133 Rocio Flat Caleborough,North Carolina 24977-0034"
310,2020-02-07,2020-03-08,"4022 Jast Alley East Cassie,Missouri 65310"
311,2020-02-08,2020-03-23,"08156 Marge Mountain South Manleyport,Florida 91757-6603"
312,2020-03-02,2020-03-14,"877 Gulgowski Ways Port Elsie,North Dakota 52441"
313,2020-03-23,2020-03-15,"684 Bauch Expressway Estellafort,Hawaii 96964-5927"
314,2020-01-18,2020-01-22,"7814 Oberbrunner Burg New Julianberg,Maryland 64673"
315,2020-03-19,2020-02-04,"28671 Ruth Bypass South Israelville,Tennessee 52513"
316,2020-03-12,2020-01-26,"0324 Murphy Via North Gia,North Dakota 60286"
317,2020-03-16,2020-02-22,"387 Quigley Spring Brannonmouth,Wisconsin 29967-7054"
318,2020-02-12,2020-03-10,"9114 Sauer Groves North Marinatown,Washington 42178-5385"
319,2020-03-18,2020-02-22,"37965 Jakayla Junctions Metashire,Minnesota 39384"
320,2020-02-19,2020-02-26,"24501 Mayer Walks Mafaldaview,Alabama 34865-1759"
321,2020-03-01,2020-03-21,"5259 Annalise Plain Darronport,Arizona 36848"
322,2020-02-09,2020-01-18,"896 Rogahn Prairie West Trent,Oregon 80807-1879"
323,2020-03-02,2020-02-04,"35866 Mills Forge North Adrain,Louisiana 75202-7942"
324,2020-01-14,2020-03-21,"8354 Vickie Turnpike Wintheiserchester,Maine 59814-6846"
325,2020-02-01,2020-03-08,"0210 Dortha Wall Heiditown,Oregon 74526-8467"
326,2020-02-21,2020-03-09,"8650 Sarai Dam North Edgarbury,New York 06577-4983"
327,2020-01-14,2020-03-10,"9877 Berneice Lock Tianafurt,Indiana 63043"
328,2020-01-24,2020-03-20,"567 Gutmann Mall East Lavinachester,Virginia 10478-8741"
329,2020-01-16,2020-02-14,"10556 Hettinger Hollow New Rafaelabury,South Carolina 85283-2230"
330,2020-01-01,2020-01-04,"07197 Schulist Island South Tarahaven,Arizona 47965"
331,2020-02-27,2020-03-07,"686 Terry Plain Janickside,Maine 27206"
332,2020-02-27,2020-03-16,"648 Zemlak Coves West Lizethborough,South Carolina 58061"
333,2020-02-14,2020-03-24,"186 Camilla Bypass Lake Jacinthechester,Wyoming 45737-3030"
334,2020-01-06,2020-01-08,"972 Noble Garden New Austynfort,Florida 04357"
335,2020-01-15,2020-02-08,"4238 Pacocha Unions Lake Alene,Alaska 64725"
336,2020-03-03,2020-03-05,"171 Adrain Mission South Jaclynhaven,New Mexico 66020-6502"
337,2020-03-10,2020-01-23,"404 Langworth Freeway Lake Archville,Rhode Island 99509-2134"
338,2020-03-12,2020-02-01,"2029 Kuhlman Land New Amayaport,Iowa 11659"
339,2020-03-24,2020-02-26,"024 Dare Ramp Yundtton,Connecticut 24158"
340,2020-01-04,2020-03-03,"99259 Jayne Rue Port Gilda,Arkansas 32810"
341,2020-01-17,2020-02-03,"73372 Murphy Freeway East Eladio,Missouri 64843-9206"
342,2020-03-21,2020-03-16,"8825 Shields Mills Huelston,Wisconsin 75289"
343,2020-03-17,2020-02-16,"29860 Frami Meadows Marcusland,Hawaii 05903-2232"
344,2020-02-23,2020-02-07,"378 Ceasar Trail Mariannaside,Delaware 45569"
345,2020-03-21,2020-03-15,"5360 Prosacco Ridge Braunmouth,South Carolina 50553-5847"
346,2020-01-25,2020-03-24,"857 Cummings Forest West Santa,Arizona 72241"
347,2020-02-20,2020-03-10,"380 Fanny Canyon Lake Caesarbury,Mississippi 11371-7844"
348,2020-02-15,2020-01-03,"70806 Ankunding Island Harriston,Arkansas 27481"
349,2020-02-08,2020-03-22,"58462 Pete Road West Marcellus,Indiana 55063"
350,2020-02-09,2020-02-16,"532 Alexis Glens Port Camrynbury,West Virginia 55364-3857"
351,2020-02-02,2020-03-21,"343 Larkin Lane Henryville,Indiana 71399-0360"
352,2020-03-11,2020-03-14,"12317 Gudrun Skyway Aracelymouth,Vermont 32619"
353,2020-01-15,2020-02-09,"7733 Carson Camp South Rahul,Hawaii 42111-8080"
354,2020-01-25,2020-03-25,"753 Tobin Ville Lake Vivianberg,Massachusetts 85914-7083"
355,2020-02-27,2020-02-23,"9897 Corkery Mountains South Thaliafort,Maine 98252-9354"
356,2020-03-14,2020-02-07,"59878 Hahn Burg Port Electamouth,New Hampshire 93885-8970"
357,2020-01-25,2020-01-23,"739 Mariela Rapid South Fredy,Pennsylvania 21633-7420"
358,2020-01-15,2020-01-25,"184 Berge Ford Wisokyshire,Missouri 77714-6250"
359,2020-02-02,2020-01-21,"220 Helga River Nienowside,Louisiana 54652-4285"
360,2020-03-02,2020-02-14,"623 Jerde Lake North Chadrickport,Minnesota 53188"
361,2020-02-03,2020-01-26,"4245 Simonis Spurs Treutelton,Montana 83386-5923"
362,2020-03-11,2020-02-17,"93258 Maryjane Road West Romaberg,Kentucky 16047"
363,2020-01-02,2020-01-23,"9180 Dell Ways South Stefanview,Hawaii 09461-2796"
364,2020-01-09,2020-03-15,"295 Alize Square Blairberg,Montana 79765"
365,2020-02-21,2020-02-12,"68388 Hahn Falls West Westonberg,Connecticut 92044"
366,2020-03-05,2020-03-23,"73274 Klocko Row North Shayleeside,Wisconsin 97867"
367,2020-01-06,2020-03-10,"5392 Mann Knolls Lefflerside,Oregon 15199"
368,2020-02-13,2020-01-15,"379 Naomi Shores Allisonfort,Florida 76232"
369,2020-03-11,2020-02-25,"75490 Dane Well Lake Trenton,Idaho 91431"
370,2020-03-01,2020-02-02,"34079 Crist Ranch West Esta,Texas 13053-5355"
371,2020-03-21,2020-03-18,"321 Jaylon Mountain Weberland,Nevada 01495-0130"
372,2020-03-01,2020-01-17,"392 Viva Plaza Ziemebury,Maine 09701"
373,2020-02-20,2020-02-03,"195 Jacynthe Park Lake Jules,Arkansas 58265-9323"
374,2020-02-04,2020-03-01,"0347 Koepp Fort Homenickport,New Hampshire 43678"
375,2020-01-06,2020-01-04,"870 Funk Manors Port Lurline,Oregon 96763-3460"
376,2020-02-23,2020-02-10,"784 Telly Ford MacGyvermouth,Hawaii 51472-5870"
377,2020-02-23,2020-02-03,"2536 Holly View Tyriqueville,North Carolina 35639"
378,2020-01-05,2020-02-26,"34331 Laurie Ferry Nikolausmouth,Florida 58677-1632"
379,2020-03-16,2020-01-06,"566 Florence Highway Gailborough,Maine 51249"
380,2020-02-11,2020-01-06,"14949 Zemlak Summit Donnaport,Maine 03025-2100"
381,2020-03-12,2020-02-23,"1897 Alessia Roads South Elliotttown,South Dakota 99902-8757"
382,2020-02-13,2020-01-02,"4483 Aglae Fork Myahmouth,Illinois 75782-0222"
383,2020-02-15,2020-01-17,"125 Rau Harbor New Angusview,South Dakota 89269"
384,2020-01-16,2020-02-26,"78876 Nickolas Neck New Moisesberg,Nebraska 18787-6687"
385,2020-02-08,2020-02-18,"38673 Angel Haven Veumview,Michigan 23237"
386,2020-02-01,2020-01-21,"93242 Clara Course East Buster,Texas 34874-2910"
387,2020-02-24,2020-03-09,"32454 Schamberger Fords Kelsieland,New Jersey 41903"
388,2020-03-25,2020-01-07,"523 Cole Unions New Hardyburgh,Iowa 53495-8613"
389,2020-02-27,2020-01-13,"80575 Turner Crest Deckowhaven,Louisiana 79067-0785"
390,2020-02-02,2020-01-07,"82561 Daniella Shoal Lancechester,Ohio 93181"
391,2020-01-24,2020-01-07,"19337 Reinger Lane West Roberto,Washington 38751-4448"
392,2020-01-25,2020-02-27,"07984 Alvera Plaza East Fernefort,New Mexico 60776"
393,2020-01-13,2020-02-25,"5159 Abernathy Mills Port Emilia,North Dakota 71884-6086"
394,2020-03-24,2020-03-06,"520 Samir Corner Caspertown,Missouri 17701"
395,2020-02-26,2020-03-25,"544 Rice Locks East Collinborough,Rhode Island 71927-0561"
396,2020-01-24,2020-03-02,"046 Sarah Coves Port Wardton,Hawaii 26455"
397,2020-02-16,2020-02-18,"09793 Kunde Summit Port Hailee,Mississippi 20487"
398,2020-03-07,2020-03-05,"7608 Meredith Freeway Oletaport,West Virginia 02041-8452"
399,2020-03-14,2020-03-11,"00979 Emily River Gunnerburgh,Nevada 65187"
400,2020-01-19,2020-03-01,"3232 Stehr Mount Hudsonville,Nebraska 19455-1479"
401,2020-03-07,2020-03-19,"0503 Aleen Turnpike Jacobsonchester,Colorado 32257-8140"
402,2020-03-22,2020-01-14,"12483 Sydnie Street South Monserrateborough,New York 98792-9919"
403,2020-01-03,2020-01-24,"8366 Connelly Mission Prohaskamouth,Nebraska 88759-3274"
404,2020-03-23,2020-01-25,"217 Rath Trace Port Amirahaven,Indiana 71978"
405,2020-03-14,2020-01-10,"666 Woodrow Fields Richieview,Tennessee 39041"
406,2020-01-02,2020-03-13,"538 Olson Courts Port Randiton,Arkansas 71197"
407,2020-02-11,2020-02-04,"121 Andreane Wall Wehnermouth,Idaho 59651-5304"
408,2020-01-03,2020-02-19,"37544 Miles Course Kavonborough,Georgia 72858-0265"
409,2020-01-16,2020-01-24,"11047 Cummings Alley Port Kayleyfurt,New Jersey 56819"
410,2020-01-03,2020-01-14,"35327 Hettinger Stream Port Emelie,Colorado 90696-4180"
411,2020-02-01,2020-01-25,"4460 Casandra Lodge Lillianport,Kentucky 36840-8196"
412,2020-01-07,2020-02-09,"6145 Reinger Terrace Akeemberg,Kentucky 11339"
413,2020-03-24,2020-03-12,"3463 Batz Wells Monahanport,Colorado 62394"
414,2020-01-16,2020-01-07,"4223 Waters Centers Schillerchester,Arizona 50119-8824"
415,2020-01-05,2020-02-24,"639 Schmidt Squares Rodrigochester,Louisiana 33580-0706"
416,2020-03-04,2020-03-03,"27213 Wolff Ville West Robertaton,Massachusetts 18438"
417,2020-02-16,2020-02-06,"062 Issac Turnpike South Nathenland,Illinois 60810-9798"
418,2020-03-02,2020-02-11,"0419 Spencer Pines Hudsonside,Mississippi 35644-5919"
419,2020-01-06,2020-03-12,"94794 Rene Way East Philip,Pennsylvania 49589"
420,2020-03-10,2020-01-11,"12121 Ramiro Dale West Madysonshire,Idaho 97890-2119"
421,2020-03-07,2020-01-08,"20391 Bernhard Camp Lake Garlandshire,New Jersey 62453"
422,2020-01-19,2020-02-25,"302 D'Amore Stream Luisaborough,New Hampshire 79886"
423,2020-03-12,2020-03-18,"2934 Sammy Trail Shannyhaven,Delaware 01437"
424,2020-01-03,2020-03-07,"113 Schmitt Route Hodkiewiczfurt,Rhode Island 02519"
425,2020-01-20,2020-02-22,"677 Hammes Way Carmelahaven,New Hampshire 13180-5199"
426,2020-02-11,2020-03-26,"8087 Keyshawn Ridges Owenside,Alaska 43857"
427,2020-01-21,2020-02-13,"8165 Gerhold Stravenue Port Adelia,Idaho 22212-5625"
428,2020-02-26,2020-01-04,"2852 Rosalee Alley Lake Stephany,Georgia 72139-4310"
429,2020-03-11,2020-03-09,"2817 Wyman Parks Lake Helena,Louisiana 35733-8195"
430,2020-03-10,2020-01-11,"5178 Moriah Fall New Ahmedshire,Wisconsin 80870-8126"
431,2020-02-13,2020-03-05,"979 Spencer Corners Kuhicborough,Massachusetts 45842-7298"
432,2020-03-22,2020-03-18,"3238 Heathcote Rest North Soledadstad,Kansas 79216-7522"
433,2020-03-01,2020-01-27,"767 Walker Squares Stokesborough,Arizona 01225-0373"
434,2020-02-22,2020-03-24,"40505 Karine Trace North Helene,Idaho 67643"
435,2020-03-16,2020-01-04,"43133 Collier Trail Lake Martaland,North Carolina 51258"
436,2020-03-21,2020-02-19,"4555 Hartmann Track Lake Bradleyton,West Virginia 77802-4560"
437,2020-02-24,2020-02-25,"6309 Ryan Lodge West Abnerfurt,Idaho 22248-8189"
438,2020-02-22,2020-03-26,"731 Delphine Club East Fredyport,New York 47217"
439,2020-01-06,2020-01-06,"031 Nikolaus Road Merlinview,Arizona 16477"
440,2020-02-15,2020-02-24,"669 Elsa Wall Korbinland,South Dakota 66742-6800"
441,2020-02-01,2020-02-24,"15169 Julio Shores Hollyville,Kansas 85214-7749"
442,2020-02-13,2020-02-17,"0574 Schmidt Route South Elinorstad,Alabama 97051"
443,2020-02-11,2020-02-14,"72323 Ernser Centers New Emmett,Louisiana 63096-4131"
444,2020-03-16,2020-01-02,"6703 Schowalter Drives East Alicia,South Dakota 47235"
445,2020-01-06,2020-01-21,"555 Lynch Mission West Curt,Hawaii 23094-0227"
446,2020-03-03,2020-02-14,"0820 Orn River South Elysechester,Oklahoma 67390-1303"
447,2020-02-07,2020-03-24,"4432 Tevin Viaduct East Dan,Vermont 86195"
448,2020-01-06,2020-03-23,"672 Schaden Motorway Peterfurt,New York 90363-8974"
449,2020-02-15,2020-02-16,"239 Konopelski Plaza East Damien,Montana 58203-0369"
450,2020-01-20,2020-03-07,"64744 Ernser Orchard Port Destany,Georgia 93449-1471"
451,2020-01-02,2020-03-15,"162 Murphy Springs Bergstromtown,Virginia 68488"
452,2020-01-14,2020-01-23,"858 Gusikowski Circles Monroeborough,New Mexico 00176"
453,2020-02-26,2020-03-03,"1238 Judd Station Darrelberg,Alaska 54229-7037"
454,2020-03-19,2020-03-21,"1071 Cole Port South Erich,Georgia 95082"
455,2020-01-27,2020-02-14,"57582 Dickens Turnpike Cormierborough,Arizona 72656-3564"
456,2020-03-06,2020-01-02,"505 Ratke Shoals Dietrichfort,North Carolina 59099"
457,2020-03-17,2020-01-20,"5344 Hollis Camp New Brennachester,Idaho 80039-0344"
458,2020-02-24,2020-01-19,"407 Gerlach Freeway Lake Sashaside,Vermont 91928"
459,2020-01-23,2020-03-03,"408 Dach Summit Flatleyview,Maine 50957-8004"
460,2020-02-03,2020-01-25,"275 Mose Lodge Port Everardo,Hawaii 03964"
461,2020-03-22,2020-02-03,"035 Zachary Keys Port Darwinfurt,West Virginia 17129"
462,2020-02-04,2020-01-03,"870 Avis Brooks East Hailie,Louisiana 26019"
463,2020-01-16,2020-01-07,"670 Paucek Via New Nicolas,New Mexico 94725-2619"
464,2020-03-26,2020-03-19,"3482 Tremaine Groves O'Konburgh,Idaho 08469-1297"
465,2020-01-03,2020-01-24,"003 Eusebio Route Stokesview,New Jersey 94181"
466,2020-03-18,2020-01-27,"16108 Denis Mall Port Aron,Maryland 34934"
467,2020-02-15,2020-01-18,"40587 Halvorson Valley Zboncakberg,Illinois 00028-6190"
468,2020-03-11,2020-02-21,"33584 Welch Crescent North Ryann,Connecticut 18440-4858"
469,2020-03-09,2020-02-04,"21729 Martine Shoal Daleburgh,Connecticut 92499"
470,2020-02-12,2020-02-14,"02745 Murphy Mews North Jon,South Carolina 22010"
471,2020-03-03,2020-01-23,"518 Satterfield Motorway Greenholtchester,South Carolina 65219-3197"
472,2020-03-13,2020-03-16,"4298 Clovis Spur Eriktown,Nevada 32074-5695"
473,2020-03-23,2020-02-23,"914 Kacie Mountain New Creola,Michigan 63727-2686"
474,2020-03-14,2020-01-08,"33191 Mueller Lane Nolanville,Minnesota 76348"
475,2020-02-11,2020-03-20,"14907 Kreiger Point North Tillman,Hawaii 69679"
476,2020-02-11,2020-02-11,"3759 Ritchie Fort New Dante,Georgia 90170-9623"
477,2020-02-11,2020-02-19,"39422 Stephan Landing Feeneyton,Iowa 11102-0211"
478,2020-02-08,2020-03-21,"0866 Alexa Flat South Lila,Delaware 08409"
479,2020-03-17,2020-02-08,"6607 Mohr Rest North Enoch,Washington 08477-5976"
480,2020-01-08,2020-01-01,"3989 Colt Ridges New Shanon,Iowa 45481"
481,2020-03-08,2020-02-02,"26704 Tromp Mountain North Emersonside,Florida 26973-6192"
482,2020-01-16,2020-01-25,"77880 Ericka Summit South Gianni,Kentucky 03709"
483,2020-03-15,2020-01-14,"7007 Schaefer Crest Maryamview,West Virginia 84781-9685"
484,2020-01-14,2020-02-07,"832 Tara Shoals East Otiliafurt,Iowa 91106-2713"
485,2020-03-11,2020-01-27,"4209 Mose Lodge Port Pollyview,Rhode Island 15583-4008"
486,2020-02-10,2020-01-16,"16942 Block Light Douglasshire,Indiana 37863-6793"
487,2020-03-22,2020-02-01,"2442 Lueilwitz Plains New Carliberg,Maine 89825-2666"
488,2020-03-20,2020-03-13,"373 Johnson Centers New Delta,Montana 22317-5389"
489,2020-03-11,2020-02-03,"322 Jordane Creek Elianemouth,New Hampshire 62301"
490,2020-03-22,2020-02-12,"97068 Ellsworth Junction Ankundingmouth,Vermont 27549"
491,2020-01-19,2020-03-23,"275 Cleora Ranch North Linaton,Indiana 37529-2258"
492,2020-03-26,2020-02-11,"060 Jast Green Lake Isom,Massachusetts 85843-5871"
493,2020-02-25,2020-03-07,"7841 Quigley Centers West Richmondstad,Wisconsin 70815-6034"
494,2020-02-05,2020-03-01,"4560 Schowalter Route Devanland,South Dakota 72167"
495,2020-02-18,2020-01-19,"6741 Carlotta Plaza East Agustinhaven,Missouri 44497"
496,2020-02-06,2020-02-09,"28851 Royce Lake North Douglasview,Alabama 19900-7449"
497,2020-01-06,2020-02-23,"181 Schaefer Underpass Lake Damienland,Washington 43527"
498,2020-02-19,2020-02-06,"860 Kellen Common Sauertown,Iowa 48378-6239"
499,2020-02-19,2020-01-21,"5094 Miller Ports Porterfurt,Washington 16810"
500,2020-03-08,2020-01-07,"876 Corine Valleys Jadafort,New Hampshire 60071"
501,2020-01-14,2020-03-09,"63487 Considine Court West Mohammad,Oregon 24343-5432"
502,2020-01-27,2020-01-20,"80250 Edgar Parkway Corwinview,Washington 27361"
503,2020-03-19,2020-03-20,"98036 Cronin Light South Ariellechester,Mississippi 61118"
504,2020-03-06,2020-01-19,"028 Harris Trail South Elouisebury,Texas 30904"
505,2020-01-14,2020-01-16,"20371 Nienow Bridge Jarretstad,Idaho 83882"
506,2020-03-17,2020-01-02,"5686 Schmidt Orchard North Yvonneshire,Wisconsin 41462-5373"
507,2020-03-24,2020-02-03,"790 Francesco Knoll Heidenreichmouth,Iowa 59889-0815"
508,2020-01-15,2020-02-05,"99910 Lora Trail Paulside,Delaware 64000"
509,2020-02-09,2020-01-22,"013 Nathen Rue Emmanuelleborough,Oklahoma 21012"
510,2020-03-26,2020-02-10,"9519 McGlynn Burgs Noahberg,Nevada 44274-0699"
511,2020-01-17,2020-01-26,"20162 Labadie Ville North Dinoberg,Arizona 88130"
512,2020-03-25,2020-01-18,"153 Aaliyah Mall Lake Missouriview,Mississippi 80903"
513,2020-02-22,2020-01-17,"3903 Zemlak Trail North Jaleel,Georgia 29742-0090"
514,2020-03-13,2020-02-16,"28541 Von Lock Danikaland,Texas 43084"
515,2020-01-06,2020-02-16,"450 Grant Junction Wisozkmouth,Nevada 03399"
516,2020-02-19,2020-02-18,"6184 Maureen Viaduct Bergnaumview,North Carolina 94233"
517,2020-01-07,2020-02-13,"0825 Harmon Mountain New Willard,Kentucky 40646"
518,2020-03-04,2020-03-17,"1191 McKenzie Knoll East Vivienne,Virginia 22639"
519,2020-02-21,2020-02-05,"711 Jarrell Ford East Cindy,Oklahoma 41700"
520,2020-02-15,2020-01-12,"4755 Watsica Pines Corkeryshire,Oklahoma 08483"
521,2020-01-24,2020-02-04,"1546 Lebsack Cove Zboncakton,North Carolina 70558"
522,2020-02-16,2020-03-15,"924 Pouros Cape Runolfssonmouth,Nevada 30072-3008"
523,2020-03-24,2020-02-13,"46901 Myrl Land Pietroview,Nevada 26030-3186"
524,2020-02-01,2020-03-04,"85432 Dorthy Island Port Maritzaport,Missouri 13627-9685"
525,2020-02-07,2020-03-19,"7727 Sawayn Throughway Claudbury,Louisiana 80257"
526,2020-02-21,2020-01-11,"33472 Johnpaul Valley Pearlieberg,Oklahoma 99976"
527,2020-03-20,2020-01-24,"0529 Corwin View Rohanfurt,Iowa 11200"
528,2020-02-26,2020-03-26,"646 Hertha Lake Brisaside,Missouri 11306-9098"
529,2020-02-03,2020-01-19,"410 Christopher Bridge Cummeratatown,Maryland 26094-7165"
530,2020-02-07,2020-03-09,"8755 Estevan Isle Port Shanel,Oklahoma 96476"
531,2020-01-25,2020-01-24,"17244 Mosciski Trafficway South Martin,Indiana 62821-6196"
532,2020-03-12,2020-02-16,"2102 O'Hara Isle Bergstrommouth,Nevada 70877"
533,2020-02-05,2020-01-14,"8994 Heller Mountain New Thurmanhaven,Kansas 82591"
534,2020-01-23,2020-03-05,"0018 Tanya Park Nealland,Mississippi 11457-2900"
535,2020-02-09,2020-01-10,"30036 Destin Shoal Dickishire,Wyoming 99324-7503"
536,2020-03-04,2020-03-16,"075 David Haven Trantowborough,Alabama 30385"
537,2020-01-16,2020-02-11,"49364 Ebert Stravenue North Hanna,Arkansas 31540-5382"
538,2020-02-12,2020-02-09,"370 Reuben Summit Port Esmeraldaland,Iowa 73852-9659"
539,2020-02-20,2020-02-22,"0721 Edd Square Zanderside,Missouri 44581"
540,2020-02-08,2020-01-08,"87387 Terry Lights New Brett,South Dakota 25674-8478"
541,2020-02-25,2020-03-12,"958 Sincere Key New Marshallstad,New Jersey 45588"
542,2020-01-21,2020-02-26,"838 Ziemann Ridge New Kenya,Louisiana 61883-3075"
543,2020-01-22,2020-02-05,"2219 Barton Port Carmeloshire,Georgia 71459"
544,2020-03-16,2020-01-23,"3273 Brandi Ports North Daneshire,Texas 23493-7625"
545,2020-02-08,2020-02-14,"6020 Cartwright Key Odieshire,Oklahoma 17574"
546,2020-01-04,2020-03-11,"588 Lakin Corners Baileychester,Wyoming 84204"
547,2020-02-26,2020-01-01,"5756 Niko Causeway Port Ritaville,New Jersey 05293"
548,2020-03-04,2020-01-06,"28640 Hackett Place Jadabury,Michigan 54233-2715"
549,2020-03-22,2020-02-03,"2074 Kevon Station Cecelialand,Florida 41669-0826"
550,2020-01-18,2020-03-26,"1732 Rowe Garden South Wilber,Alabama 87925-2023"
551,2020-01-13,2020-03-23,"516 Raquel Manor North Mekhimouth,Nevada 30908-1236"
552,2020-01-26,2020-01-02,"7338 O'Keefe Canyon Finnside,Massachusetts 61640-4825"
553,2020-02-20,2020-01-16,"943 Walsh Wells Collinsmouth,Montana 60315"
554,2020-01-02,2020-03-26,"996 Bailey Village South Aubreeland,Pennsylvania 68732"
555,2020-02-20,2020-03-18,"4305 Muller Forest Muellermouth,Georgia 83918-9958"
556,2020-02-17,2020-01-01,"1371 Kristoffer Roads Strackehaven,Alabama 09734-4250"
557,2020-03-18,2020-03-21,"347 Schowalter Ways Feilside,Louisiana 06442-1265"
558,2020-02-10,2020-03-21,"87732 Schuyler Path Lake Nasir,Arizona 96270"
559,2020-01-16,2020-01-10,"0675 Beer Spring Franeckiville,New Mexico 14727"
560,2020-01-15,2020-01-10,"17713 Willow Place South Josieport,Kentucky 27795"
561,2020-03-16,2020-03-01,"782 Little Spurs Turcottefurt,Minnesota 49542"
562,2020-02-14,2020-03-05,"559 Stokes Spurs Port Rosinabury,Colorado 68950-6718"
563,2020-01-23,2020-03-08,"309 Padberg Rapid Andresstad,Alaska 22765-5750"
564,2020-01-17,2020-01-06,"5173 Estelle Way North Makaylahaven,South Dakota 37844-6505"
565,2020-03-17,2020-01-11,"683 Hodkiewicz Extension Gordontown,Kansas 34496"
566,2020-01-15,2020-03-17,"96339 Raina Island North Elodyburgh,Utah 83718-6585"
567,2020-03-14,2020-02-10,"5841 Ferne Centers Sanfordland,Louisiana 26648-8111"
568,2020-03-15,2020-01-27,"686 Herzog Prairie Lindgrenmouth,Tennessee 82172"
569,2020-02-27,2020-03-19,"3691 Cullen Turnpike New Noah,Oklahoma 37913-8896"
570,2020-03-18,2020-01-17,"858 Borer Harbor West Blair,Vermont 13982"
571,2020-02-06,2020-02-21,"20754 Kale Stream West Paula,Texas 51245-5256"
572,2020-02-05,2020-02-19,"50371 Moshe Park Nitzscheberg,Montana 69473-8850"
573,2020-01-23,2020-03-13,"60123 Swaniawski Unions New Kattieborough,Delaware 41329-6288"
574,2020-03-11,2020-03-09,"5946 Lubowitz Place Lake Jovanny,Maryland 17257"
575,2020-01-22,2020-02-10,"510 Katelyn Lodge West Eula,North Carolina 79238"
576,2020-03-23,2020-03-01,"815 Melba Bridge Vernmouth,New Hampshire 80225"
577,2020-03-24,2020-01-06,"56947 Heaney Oval Santinastad,Alabama 77282-9137"
578,2020-02-21,2020-02-04,"8919 Kyra Prairie Millsberg,Hawaii 65145-1744"
579,2020-02-05,2020-02-13,"3956 Kurtis Land North Dasiafurt,Indiana 57084-6005"
580,2020-02-05,2020-03-12,"75404 Maggio Pine New Stevehaven,Maryland 38350"
581,2020-02-01,2020-02-25,"97736 Elian Village Aaliyahland,Mississippi 57557-0355"
582,2020-03-20,2020-01-08,"631 Mara Manor South Allene,Oregon 54836"
583,2020-02-12,2020-01-15,"384 Shana Spur Creminmouth,Nevada 14046-1674"
584,2020-01-19,2020-01-26,"349 Homenick Coves Mohrport,New York 10828"
585,2020-03-20,2020-02-16,"39029 Roob Burg New Marinaside,Hawaii 80578-3772"
586,2020-01-26,2020-02-27,"3346 Fahey Unions Port Kelly,Alabama 73716-8039"
587,2020-02-11,2020-02-16,"047 Ferry Streets Hillston,Arizona 77007-4999"
588,2020-03-08,2020-03-05,"8750 Claude Union Kiehnville,North Carolina 47227"
589,2020-03-20,2020-02-26,"523 Carroll Crest Port Enaborough,Utah 63152"
590,2020-01-19,2020-02-26,"40665 Laura Flats Schowalterfort,Pennsylvania 40322"
591,2020-03-22,2020-03-04,"11332 Keon Brooks New Summer,North Dakota 83640-1432"
592,2020-01-13,2020-03-07,"71362 Marley Islands North Ashlee,Maine 65348-5669"
593,2020-03-07,2020-02-13,"85210 Sporer Walks East Carmellaport,Alabama 40810"
594,2020-01-08,2020-03-13,"9922 McLaughlin Unions West Jaimefurt,South Dakota 13456-9377"
595,2020-02-25,2020-02-21,"00746 Murazik Pass Josephland,Oregon 23267-3609"
596,2020-03-22,2020-02-16,"66994 Hauck Station Yundtport,Indiana 18487"
597,2020-02-17,2020-03-25,"574 Bernier Locks North Evert,Oregon 85731-3695"
598,2020-01-19,2020-01-22,"810 Keebler Throughway North Evangeline,Tennessee 03747-9334"
599,2020-03-20,2020-02-21,"254 Felicia Tunnel North Camronfurt,North Carolina 65535-0670"
600,2020-02-20,2020-02-06,"75645 Ortiz Extensions Brentbury,Wisconsin 83595-5739"
601,2020-03-11,2020-03-12,"221 Quentin Port New Charityville,Maine 01654"
602,2020-02-27,2020-01-24,"79464 Kyra Rapids Lake Brian,California 24872"
603,2020-01-09,2020-03-14,"832 Becker Flat Ondrickashire,Alabama 33419"
604,2020-03-20,2020-03-27,"310 Hauck Court Clarabelleview,Kansas 94762-9871"
605,2020-03-07,2020-03-21,"80976 Rogers Flat Milanborough,Ohio 52228-8343"
606,2020-01-16,2020-02-17,"3663 Marcia Union East Alessiaville,Nevada 22639"
607,2020-01-17,2020-03-14,"2430 Ramon Garden Keenanville,Nebraska 77285"
608,2020-03-05,2020-03-18,"996 Gutmann Fort Connellymouth,Kentucky 95080"
609,2020-02-25,2020-01-07,"57149 Misael Greens East Clintonview,Delaware 50963"
610,2020-01-25,2020-03-12,"0903 Piper Stream Marcoston,Minnesota 20370-4852"
611,2020-01-03,2020-02-25,"5530 Perry Landing Lake Yasminebury,South Dakota 13052-1611"
612,2020-03-16,2020-02-21,"46491 McDermott Port Welchhaven,Washington 32393-4171"
613,2020-03-04,2020-03-19,"97299 Hulda Views North Favianport,Minnesota 68453"
614,2020-02-05,2020-03-17,"021 Douglas Shore Sydnieside,Maine 68010"
615,2020-01-25,2020-03-21,"57771 Walter Pike West Casandra,Georgia 29208-2957"
616,2020-01-19,2020-01-11,"31312 Jenifer Flats New Katelin,Vermont 13249"
617,2020-03-20,2020-02-20,"89184 Vincent Spring Larsonton,New Hampshire 07273"
618,2020-03-05,2020-02-07,"6229 Darlene Motorway West Kelli,Wyoming 37545"
619,2020-03-10,2020-03-09,"203 Fisher Mill Lake Josue,Idaho 69948-9351"
620,2020-03-07,2020-02-18,"786 Jonas Vista Lempiville,Alabama 47628-1757"
621,2020-01-12,2020-03-16,"46794 Patrick Parkway South Ernestine,Texas 37750-5774"
622,2020-03-04,2020-03-13,"9256 Virgie Springs Charitymouth,Florida 43289"
623,2020-03-22,2020-03-17,"74160 Marie Park Dareborough,Louisiana 69411-3933"
624,2020-01-20,2020-01-12,"80307 Becker Rapids Lake Olga,Louisiana 19425-5777"
625,2020-03-15,2020-02-13,"361 Gislason Square New Emanuelshire,Louisiana 59538"
626,2020-01-25,2020-03-05,"96081 Wisozk Mountain Glennamouth,Georgia 09236-8186"
627,2020-02-10,2020-01-09,"152 Duane Manors Oralville,West Virginia 92635"
628,2020-01-04,2020-01-22,"111 Bode Land Schmidtmouth,Minnesota 93969"
629,2020-03-20,2020-01-24,"304 Hilpert Plains Emmanuelstad,Utah 34703-5350"
630,2020-02-20,2020-03-27,"435 Georgiana River New Lamont,Missouri 00793"
631,2020-01-11,2020-02-18,"1634 Mayer Way Koelpinstad,Pennsylvania 61835-3788"
632,2020-02-19,2020-02-27,"374 Samir Gardens South Kristofermouth,Mississippi 04349"
633,2020-03-23,2020-02-25,"68032 Flatley Village Haydenland,Michigan 01326-5407"
634,2020-01-26,2020-02-09,"50773 Major Prairie Strackeburgh,Nevada 37632"
635,2020-02-08,2020-01-09,"8018 Reilly Views Wardburgh,South Dakota 12429"
636,2020-02-20,2020-03-04,"9583 Harrison Meadow Daughertyside,Arkansas 06063"
637,2020-01-16,2020-02-11,"3185 Marie Underpass Lake Khalid,Georgia 67314"
638,2020-03-10,2020-03-22,"98310 Linwood Mission Ferryton,Kentucky 37104"
639,2020-02-16,2020-03-15,"55336 Enid Walks Keeganfurt,Tennessee 75127-7673"
640,2020-03-12,2020-02-26,"6889 Art Island Mitchellfort,Illinois 93892"
641,2020-01-05,2020-03-26,"213 Providenci Manors South Lenore,Wyoming 80554"
642,2020-01-18,2020-01-26,"31507 Cruickshank Route McCulloughmouth,Mississippi 70375"
643,2020-02-16,2020-02-08,"799 Cremin Forest New Lonie,Idaho 64522"
644,2020-03-20,2020-03-11,"65459 Gabriella Shores New Havenfort,Minnesota 22929"
645,2020-02-26,2020-03-16,"373 Araceli Roads Edaton,Utah 02042-2835"
646,2020-02-20,2020-03-14,"037 Jacinthe Common Pfeffershire,Georgia 16528"
647,2020-02-25,2020-02-26,"791 Block Hollow Shanebury,Arizona 76807-9344"
648,2020-03-11,2020-02-27,"25759 Tyra Keys Corwinmouth,Michigan 25042"
649,2020-01-15,2020-02-08,"3746 Giuseppe Locks Hermanmouth,Kentucky 31277-8528"
650,2020-01-03,2020-02-16,"1149 Thalia Rapids Millsshire,Maryland 18249-4035"
651,2020-02-08,2020-01-27,"710 Dejon Loop New Wellingtonmouth,South Dakota 65125-2220"
652,2020-01-16,2020-02-13,"314 Hilpert Gateway Juliuston,Oregon 09384"
653,2020-02-25,2020-01-22,"69729 Marlen Lodge Lake Alessandraton,Indiana 97339"
654,2020-03-16,2020-01-25,"8238 Bayer Summit Lavernton,Maine 60302-9831"
655,2020-01-08,2020-02-20,"623 Walker Course North Katelynnmouth,Vermont 94154"
656,2020-02-27,2020-01-16,"6873 Vito Curve Haagside,South Carolina 72541"
657,2020-02-14,2020-03-13,"38038 Arnoldo Valley Louveniafurt,Alaska 57557"
658,2020-02-22,2020-02-24,"83455 Schimmel Land West Porterhaven,Tennessee 61133"
659,2020-01-24,2020-03-17,"7087 Garrett Orchard North Bessie,South Dakota 86779-6423"
660,2020-02-09,2020-03-18,"6556 Gleason Bypass New Pearliemouth,Oklahoma 75619"
661,2020-01-06,2020-03-11,"09793 Myrtie Estate Gaylordshire,Indiana 06064-3820"
662,2020-02-13,2020-02-06,"341 Kub Glens North Ignacio,South Dakota 60675-9007"
663,2020-03-26,2020-01-01,"225 Luettgen Terrace Caspermouth,North Dakota 92663"
664,2020-03-09,2020-01-24,"70977 Jarrett Court North Huldahaven,South Carolina 53893-2439"
665,2020-02-21,2020-02-10,"58325 Queenie Forge North Omashire,North Dakota 49098"
666,2020-03-07,2020-02-17,"072 Andrew Keys Port Katelin,New Mexico 41408"
667,2020-03-21,2020-01-04,"5093 Jazmyne Greens Lake Lauriane,Colorado 82876"
668,2020-01-04,2020-02-25,"10802 Haag Pike Medhurstview,Arizona 70418-7343"
669,2020-01-21,2020-01-27,"4578 Cordie Islands Alexandroport,Idaho 80041-5079"
670,2020-01-01,2020-02-22,"11256 Lennie Stravenue Haleyshire,Virginia 44348-4833"
671,2020-02-26,2020-01-02,"1311 Candida Park New Aleenville,Minnesota 34954-1857"
672,2020-01-02,2020-02-14,"1080 Doyle Villages Tobinside,Michigan 76987"
673,2020-02-09,2020-03-26,"15114 Bode Fords Kemmerchester,Iowa 68996"
674,2020-02-12,2020-02-13,"981 Trystan Pines Cassinfurt,Ohio 95864-7069"
675,2020-01-15,2020-01-16,"5637 Kuphal Extensions East Edwinaport,Maine 01780-5468"
676,2020-03-04,2020-01-11,"77510 Karlee Square Daronton,Illinois 49020-9229"
677,2020-03-07,2020-02-25,"231 Kennith View Port Reid,Massachusetts 22086"
678,2020-02-27,2020-02-02,"54788 Victoria Drive North Fermin,Oregon 32959-8828"
679,2020-01-04,2020-03-18,"552 Mohr Key Lake Name,New York 59402"
680,2020-02-22,2020-02-26,"19808 Marques Terrace Littelhaven,Virginia 21509"
681,2020-02-03,2020-01-20,"7284 Schowalter Grove Schambergerfort,North Carolina 67549-6689"
682,2020-03-17,2020-03-16,"4218 Coleman Spurs North Hesterchester,Louisiana 09961-6757"
683,2020-02-26,2020-03-14,"76019 Veum Park West Einoshire,Pennsylvania 39678"
684,2020-01-19,2020-02-04,"36173 Floyd Ridge West Johnson,New Hampshire 29879"
685,2020-02-07,2020-01-19,"284 Bogan Light Port Maggie,Kansas 57074"
686,2020-01-20,2020-03-27,"295 Leopoldo Crest Gislasonview,Tennessee 39863"
687,2020-02-14,2020-02-18,"5045 Hamill Cove Batzchester,Tennessee 03896"
688,2020-03-16,2020-03-10,"75917 Parisian Greens Norenemouth,Maryland 90852"
689,2020-03-02,2020-01-13,"4292 Joesph Crossroad North Adriannaberg,West Virginia 46089"
690,2020-03-15,2020-03-17,"523 Streich Island Prohaskashire,Louisiana 95197-2413"
691,2020-02-17,2020-03-26,"230 Lowe Neck Jewelburgh,Kansas 59028"
692,2020-03-23,2020-01-02,"32837 Walter Crescent Harrisbury,Washington 73122"
693,2020-03-05,2020-02-09,"0676 Hammes Mill West Cyrusside,Louisiana 71553"
694,2020-01-27,2020-01-15,"486 Veum Plaza Augustusside,Idaho 11212"
695,2020-01-04,2020-01-07,"7858 Littel Prairie Fredericside,Iowa 81576"
696,2020-03-21,2020-03-27,"73270 Bruen Spur East Keara,Rhode Island 14400"
697,2020-03-27,2020-03-17,"835 Paucek Stravenue Lake Melvin,Montana 98593"
698,2020-03-26,2020-02-20,"6313 Eldora Fork North Patrick,Kansas 55156"
699,2020-01-25,2020-02-04,"49385 Mills Course Lizzieborough,Alaska 07641"
700,2020-03-13,2020-01-03,"45405 Yolanda Courts Port Ofeliafort,Massachusetts 61057-9808"
701,2020-02-04,2020-03-22,"969 Elijah Village Libbieshire,Arkansas 09101"
702,2020-03-26,2020-03-27,"6765 Schroeder Unions New Trinitymouth,Louisiana 87038-4242"
703,2020-03-18,2020-03-08,"01466 Marie Parkway Jacobsonberg,New Hampshire 69661-0685"
704,2020-02-04,2020-01-02,"670 Walter Garden West Peter,Michigan 36136"
705,2020-02-27,2020-01-14,"962 Graham Throughway Olsonborough,Wisconsin 56889-2105"
706,2020-02-24,2020-02-27,"642 Kiehn Points Anthonyburgh,Nebraska 77195"
707,2020-01-21,2020-02-18,"90655 Marcelino Trace West Claudineborough,North Dakota 93549"
708,2020-02-07,2020-03-03,"07600 Kiehn Valleys North Rowena,Ohio 99953-7130"
709,2020-01-01,2020-01-01,"5433 Itzel Highway Buckridgemouth,Connecticut 36382-0414"
710,2020-03-14,2020-03-15,"899 Funk Station North Laurelchester,Florida 33137"
711,2020-02-05,2020-02-05,"0304 Jayce Prairie East Reynoldstad,North Carolina 32475-3367"
712,2020-02-05,2020-02-19,"16616 Jesse Shoals Weissnatville,Virginia 82849-5969"
713,2020-02-13,2020-03-12,"9554 Destiney Plains South Myrtis,West Virginia 00091"
714,2020-02-13,2020-02-22,"25705 Homenick Lake Howellburgh,Wyoming 77685"
715,2020-02-14,2020-01-12,"60014 Cole Cliff North Guiseppeville,Connecticut 66605"
716,2020-03-13,2020-03-15,"5914 Ansel Street Kraigland,Connecticut 44476-6663"
717,2020-02-06,2020-02-04,"84816 Buck Loaf New Janicefurt,Arizona 55597-9284"
718,2020-02-15,2020-02-14,"3350 Veum Knolls Bodeside,Montana 12353"
719,2020-02-23,2020-03-10,"96774 Rasheed Locks Jaedenfort,New Jersey 19720-6950"
720,2020-01-23,2020-01-23,"356 Harley Parks New Aliaport,Louisiana 10847-4973"
721,2020-02-12,2020-02-15,"1384 Cremin Forks Lake Hiram,Kentucky 14429-8118"
722,2020-03-09,2020-03-02,"5995 Daniela Wall West Stephanyside,Kentucky 38869-4824"
723,2020-02-04,2020-02-03,"98761 Griffin Extension New Kaylee,Delaware 47799"
724,2020-01-04,2020-03-03,"2574 Dawn Shoals North Gertrudemouth,Connecticut 46224-8208"
725,2020-03-18,2020-03-11,"213 Eldon Prairie Jarrettport,Virginia 20440-9613"
726,2020-01-12,2020-03-14,"449 Fisher Courts Schoenmouth,Arkansas 53569"
727,2020-01-03,2020-03-13,"793 Charley Skyway Port Max,Ohio 15738"
728,2020-02-25,2020-03-17,"2592 Feest Throughway North Celia,Alaska 92890"
729,2020-01-03,2020-02-12,"775 Breitenberg Mountain Austinfurt,Maine 08649-7974"
730,2020-03-26,2020-03-19,"783 Colby Trafficway North Sydniview,Kentucky 89055"
731,2020-02-09,2020-02-02,"72059 Lottie Coves Sheilaport,Nevada 67533-9442"
732,2020-02-18,2020-01-22,"971 Don View Lake Aliyahhaven,Tennessee 15942"
733,2020-02-18,2020-03-14,"71656 Oberbrunner Square McKenzieborough,New Hampshire 24432"
734,2020-03-03,2020-01-07,"55698 Audra Loaf New Gennaro,Minnesota 08666-5829"
735,2020-02-16,2020-01-09,"43581 Mayert Lakes East Kendall,Alaska 92628"
736,2020-02-18,2020-03-13,"319 Kassulke Mountains New Zackery,Oklahoma 38149"
737,2020-03-04,2020-02-02,"622 Effertz Villages Prohaskaport,New Mexico 86112-4486"
738,2020-02-11,2020-01-10,"393 Roob Trace Turnerburgh,Montana 24979-3513"
739,2020-03-15,2020-01-16,"73954 Lueilwitz Crossing Lake Justine,Illinois 54891-9348"
740,2020-03-25,2020-03-13,"096 Freeman Falls East Denis,Michigan 73518-9719"
741,2020-02-02,2020-03-11,"78301 Hirthe Inlet Schadenbury,New Mexico 40936"
742,2020-03-03,2020-01-05,"8677 Zaria Port South Jerad,Iowa 14570"
743,2020-03-01,2020-02-18,"36445 Halvorson Landing Omerberg,Connecticut 70881-4722"
744,2020-02-17,2020-02-01,"867 Mortimer Creek Marianoshire,Illinois 71752-9010"
745,2020-03-25,2020-03-04,"8861 Maxwell Cove Larkinville,Pennsylvania 50743"
746,2020-02-03,2020-02-06,"46461 Colton Walk Garryfort,Kansas 26014"
747,2020-01-24,2020-02-16,"688 Dean Ports New Elaina,Wisconsin 03839-1361"
748,2020-02-10,2020-01-14,"4647 Klocko Ways Tremaynehaven,Georgia 62569"
749,2020-02-12,2020-02-19,"56310 Schamberger Plains Feeneyfort,Wyoming 47067"
750,2020-03-03,2020-03-01,"9416 Nolan Rapids Terryfort,Colorado 59204-0912"
751,2020-02-20,2020-02-11,"9285 Helena Oval Odessashire,Arkansas 87058-4231"
752,2020-03-14,2020-03-26,"2386 Maggio Crossing North Kylefort,Louisiana 79165-6595"
753,2020-03-20,2020-01-02,"174 Davis Knoll Port Lori,Utah 17981-8730"
754,2020-02-01,2020-01-24,"380 Paula Camp Cathrynchester,Massachusetts 60208"
755,2020-01-16,2020-01-02,"50189 Harber Corner Port Mattie,North Dakota 26916"
756,2020-03-13,2020-01-25,"28038 Christelle Green Lelatown,New Mexico 15586-3185"
757,2020-03-12,2020-03-26,"136 Elisa Union Hauckstad,Florida 18072"
758,2020-03-06,2020-02-02,"08340 Spinka Lock Daphnefurt,Rhode Island 21642-6046"
759,2020-01-05,2020-03-27,"938 Lisa Tunnel Yazminmouth,Illinois 16117"
760,2020-03-12,2020-03-08,"5121 Grayson Plains Port Macie,New Mexico 22145"
761,2020-01-06,2020-01-18,"713 Bud Mountain Lindgrenstad,North Carolina 70926-4843"
762,2020-02-18,2020-03-23,"736 Noemy Lock Swaniawskiport,West Virginia 85124"
763,2020-01-21,2020-03-27,"89965 Adell Avenue Weststad,Mississippi 89280-9057"
764,2020-03-02,2020-01-10,"450 Altenwerth Union South Mia,Mississippi 67831-2830"
765,2020-02-09,2020-02-20,"77938 Alvena Squares Port Shaun,Wyoming 38274"
766,2020-01-26,2020-03-21,"481 Upton Burg Kautzerstad,West Virginia 89579"
767,2020-01-19,2020-01-25,"95263 Viva Roads Anastaciomouth,New Jersey 45934-9694"
768,2020-02-27,2020-01-06,"74732 Harber Key Roryview,Indiana 24267-2208"
769,2020-03-08,2020-02-09,"459 Osvaldo Glen South Ross,Nevada 58658"
770,2020-01-10,2020-02-09,"64911 Crist Row Doyleview,West Virginia 25960"
771,2020-03-16,2020-02-11,"048 Jaime Prairie Haagport,Alabama 82783-1974"
772,2020-01-20,2020-03-25,"74241 Raina Square Kearafurt,Georgia 18423"
773,2020-02-24,2020-01-27,"70231 Jamey Heights Kylieshire,Florida 84396"
774,2020-02-01,2020-02-27,"225 Haag Island East Ameliahaven,Rhode Island 52148-5754"
775,2020-01-04,2020-02-03,"1412 Cornell Estate Haagtown,Alaska 92644"
776,2020-03-25,2020-02-22,"5775 Alfonso Throughway East Veldafurt,Missouri 54613"
777,2020-02-12,2020-02-23,"204 Stanton Crossroad Lake Barton,Oregon 21858-9333"
778,2020-02-08,2020-01-07,"7393 German Branch South Lailaville,Wyoming 43061"
779,2020-03-15,2020-03-16,"763 Moriah Drive Hettieside,Oregon 79010"
780,2020-03-11,2020-01-05,"805 Garnet Walk Sydneehaven,Nevada 50660"
781,2020-02-19,2020-01-10,"019 Gerardo Cape Huelville,Utah 00807"
782,2020-01-13,2020-02-24,"3118 McDermott Court Ilachester,Idaho 89206-2646"
783,2020-01-07,2020-01-13,"37703 D'Amore Turnpike Wymanfort,Arkansas 58336-9708"
784,2020-02-27,2020-01-18,"71247 Maybelle Extension Haileystad,California 94675"
785,2020-01-19,2020-02-03,"6087 Gerhold Falls Carsonmouth,Wyoming 81102-5605"
786,2020-02-09,2020-01-08,"0403 Quitzon Ridge North Lolafort,Wisconsin 52795"
787,2020-03-27,2020-01-11,"57632 Farrell Crossing North Kirstinport,Vermont 83448-2853"
788,2020-02-12,2020-02-01,"7156 Krista Roads Maximillianmouth,Wisconsin 83393"
789,2020-01-22,2020-02-16,"41926 Alvah Dale Merlbury,Nevada 37112"
790,2020-01-08,2020-01-07,"40308 Larkin River Yundttown,West Virginia 80942-5614"
791,2020-01-27,2020-02-25,"252 Maryam Walks West Jeraldchester,Arkansas 12260-0981"
792,2020-03-13,2020-01-07,"4480 Lakin Walk Veronicaport,Michigan 05004"
793,2020-02-26,2020-02-10,"731 Parker Ports Wendyborough,Idaho 44061-2352"
794,2020-01-13,2020-01-23,"464 Heidenreich Freeway Lake Elfrieda,Connecticut 69218-0300"
795,2020-01-24,2020-01-06,"42309 Marcella Knoll Howefurt,Tennessee 18223-5908"
796,2020-03-26,2020-02-13,"649 Berge Drive Port Danyka,Georgia 14426"
797,2020-03-13,2020-02-15,"110 Leonor Forks Port Robbshire,West Virginia 66033-8617"
798,2020-02-07,2020-02-07,"4644 Okuneva Track Kuvalisshire,New Mexico 07502"
799,2020-03-15,2020-03-10,"053 Gaylord Lakes Enidville,Delaware 62754"
800,2020-01-23,2020-03-09,"522 Koss View Bartonchester,Maryland 81072"
801,2020-02-27,2020-02-01,"17307 Hills Harbors Lake Enrique,Rhode Island 98523"
802,2020-02-02,2020-01-02,"90724 Schultz River Russview,Kansas 15572-2900"
803,2020-02-24,2020-01-02,"80404 Bailey Roads Weberhaven,New Hampshire 03134-9543"
804,2020-01-01,2020-02-22,"1019 Berge Isle Myrtlemouth,Kentucky 96832-3138"
805,2020-02-10,2020-03-02,"14780 Hintz Camp West Hanna,South Carolina 13612-2370"
806,2020-02-08,2020-02-18,"740 Ryan Green Lake Creola,West Virginia 92667"
807,2020-01-24,2020-01-08,"22982 Garrison River Kundestad,Nebraska 98051-1488"
808,2020-03-13,2020-03-05,"7703 Legros Mission Ebertmouth,New Jersey 39789"
809,2020-02-19,2020-02-11,"621 Keeling Crest North Hubert,Ohio 71316"
810,2020-02-10,2020-02-15,"473 Piper Forks West Hershel,Pennsylvania 77532"
811,2020-03-23,2020-01-03,"324 Fredy Rapids Port Leopoldfurt,New Jersey 13199"
812,2020-03-18,2020-03-06,"35588 Gavin Club Jeraldland,Nevada 49151"
813,2020-03-01,2020-01-01,"01172 Ariane Lane Maciestad,Hawaii 24923"
814,2020-03-23,2020-01-24,"1316 Hessel Path Streichfurt,Virginia 66157-6568"
815,2020-03-05,2020-01-17,"378 Renner Mall Hannastad,South Carolina 18970-2011"
816,2020-03-07,2020-03-10,"35320 Tito Hill Lake Orlandoport,Pennsylvania 80546-2089"
817,2020-01-09,2020-03-07,"79601 Gislason Port West Sarahville,Montana 28390-8479"
818,2020-01-24,2020-02-06,"459 Krajcik Circles Leeshire,Arizona 74485-3553"
819,2020-01-20,2020-02-22,"7824 Schultz Wells Lake Marques,South Dakota 21747-0237"
820,2020-02-10,2020-01-14,"9524 Mikel Turnpike Greenville,Alaska 15156"
821,2020-02-03,2020-03-07,"0586 Gleichner Mountain Port Roel,Idaho 07608"
822,2020-01-17,2020-03-05,"99588 Geovany Island North Duanetown,Nebraska 35629"
823,2020-01-23,2020-02-16,"9809 Will Highway Lake Elmoreville,Vermont 21030"
824,2020-02-08,2020-01-12,"65423 Smith Brook New Blairmouth,Georgia 27542"
825,2020-01-03,2020-01-17,"454 Edwardo Mall Rodgerberg,Delaware 40490-6493"
826,2020-03-09,2020-02-22,"6037 Jayda Fields West Frankie,Minnesota 40188-4249"
827,2020-01-12,2020-03-11,"03349 Arturo Court Tavaresview,Alabama 64662-1730"
828,2020-02-13,2020-03-02,"7185 Joyce Drive South Keonhaven,Idaho 98213-8830"
829,2020-03-17,2020-03-12,"664 Rusty Station Port Emilie,Wisconsin 96556-2777"
830,2020-01-03,2020-02-03,"521 Upton Park West Eviemouth,Illinois 73491-1640"
831,2020-01-24,2020-03-21,"66186 Gus Fields Sporerberg,Missouri 58210-5040"
832,2020-01-14,2020-01-10,"55698 Clair Crest Port Donald,Pennsylvania 11231"
833,2020-01-26,2020-02-17,"726 Frances Gateway Dorthashire,New Hampshire 32801-1270"
834,2020-02-16,2020-02-16,"55614 Legros Prairie Isomville,North Dakota 81039-4680"
835,2020-01-14,2020-03-07,"335 Ottis Well Kiehnborough,Washington 31740-8954"
836,2020-02-26,2020-01-24,"6154 Lorenzo Oval East Holliefort,California 68478-8294"
837,2020-01-14,2020-01-19,"97029 Dach Prairie East Isacport,Florida 32240"
838,2020-02-23,2020-02-14,"540 Kelly Forest Reillymouth,Alaska 57286"
839,2020-03-01,2020-01-22,"3042 Flo Crest New Davinchester,Arizona 69269-7221"
840,2020-03-24,2020-01-10,"3706 Jillian Crescent South Michelleshire,Minnesota 07466"
841,2020-03-13,2020-02-11,"388 Hegmann Knoll Tatumborough,Hawaii 55194"
842,2020-02-27,2020-02-11,"5348 Trenton Cape Zoilastad,Oregon 81175-2294"
843,2020-03-27,2020-01-23,"434 Kuphal Freeway East Gonzalostad,Connecticut 08110"
844,2020-02-11,2020-01-19,"796 Morar Walk Amirshire,Maine 49161"
845,2020-03-05,2020-03-14,"266 Feil Pine North Arvel,Arizona 11199"
846,2020-02-13,2020-03-20,"34126 Vada Loop South Brocktown,Indiana 06243-0808"
847,2020-03-18,2020-03-16,"631 Fern Freeway Lake Lelaberg,Texas 77477-2965"
848,2020-01-04,2020-03-19,"4432 Feeney Plains Trevorburgh,Nebraska 66260-3999"
849,2020-03-27,2020-01-08,"142 Crist Islands Crooksburgh,Mississippi 26689"
850,2020-01-14,2020-02-16,"5124 Carroll Flats East Simonechester,New Jersey 47742-7074"
851,2020-03-17,2020-03-02,"424 Brenna Drive Jerroldborough,Arkansas 44478-8305"
852,2020-01-01,2020-02-24,"014 Doyle Ports Watersbury,Arizona 75896"
853,2020-02-10,2020-02-22,"265 Randy Ways McCulloughville,Missouri 35786-2743"
854,2020-03-14,2020-01-23,"324 Quitzon Run Petebury,California 51581-8713"
855,2020-03-16,2020-03-17,"8503 Muller Glen Kassulkeland,Alabama 23535-2082"
856,2020-03-26,2020-03-10,"7802 Scottie Hill Lake Finn,Texas 18157"
857,2020-03-09,2020-01-17,"05603 McClure Hills West Luciano,Montana 30633"
858,2020-03-17,2020-01-21,"94802 Stehr Mountain Bechtelarview,Kentucky 52513-7556"
859,2020-02-15,2020-03-15,"1167 Beahan Plains Port Orantown,Mississippi 43152"
860,2020-03-01,2020-01-06,"652 Abbott Islands New Anika,Kansas 77529-7442"
861,2020-02-07,2020-02-05,"882 Huels Plain Marquardtside,West Virginia 83564"
862,2020-01-07,2020-02-15,"78499 Jast Run Lyricview,Virginia 39353-6222"
863,2020-03-24,2020-03-22,"4594 Little Center North Jaunitabury,Mississippi 93265"
864,2020-01-22,2020-01-15,"667 Gerlach Lights Boyleview,Maryland 39605"
865,2020-02-03,2020-02-17,"9127 Gutkowski Place Lake Winnifredmouth,Missouri 24143"
866,2020-01-23,2020-01-10,"6717 Consuelo Court East Quentin,Wisconsin 41364"
867,2020-01-14,2020-02-26,"26031 Rolfson Crescent Yundtberg,Tennessee 07168"
868,2020-02-26,2020-02-04,"9555 Langosh Forge New Nolanview,Colorado 60862"
869,2020-03-08,2020-02-15,"78975 Kessler Road South Darrion,Nevada 77546-5636"
870,2020-03-08,2020-01-11,"31263 Botsford Union North Jerrodtown,Idaho 50281-1434"
871,2020-02-25,2020-01-21,"7446 Walker Harbors Hershelton,Tennessee 41036"
872,2020-02-11,2020-02-20,"704 Kayla Plaza East Simchester,Pennsylvania 45712-1292"
873,2020-02-20,2020-03-13,"819 Diamond Terrace Hipolitofort,Kansas 60844"
874,2020-03-02,2020-03-13,"509 Smith Crescent Jessiehaven,New York 38694"
875,2020-03-27,2020-01-05,"1856 Kling Extensions West Lionelland,Michigan 73845-2006"
876,2020-02-19,2020-02-25,"00607 London Cliffs Eugeniaville,Missouri 63258"
877,2020-03-21,2020-02-16,"93289 Kaylee Field DuBuquefort,Kansas 63686"
878,2020-03-14,2020-01-04,"2633 Albert Manors Volkmanside,Oklahoma 64475"
879,2020-01-23,2020-02-09,"25593 Yazmin Rue Dietrichstad,Idaho 17996"
880,2020-02-18,2020-01-22,"977 Herzog Walks Douglashaven,Oregon 81596"
881,2020-03-07,2020-03-22,"135 Kuhlman Branch Port Eudoraburgh,Louisiana 94071-1299"
882,2020-02-15,2020-01-10,"96239 Streich Cliffs Gretafort,Georgia 62330"
883,2020-03-03,2020-02-07,"1208 Heathcote Glens McClureland,Wyoming 50759"
884,2020-02-02,2020-01-10,"032 Huels Lane Einoside,West Virginia 31302-0312"
885,2020-01-18,2020-03-14,"34048 Moises Gateway Brianneberg,New York 39809-8384"
886,2020-02-09,2020-03-07,"7857 McLaughlin Burgs Port Savanah,Alaska 31166-6290"
887,2020-01-04,2020-01-13,"7937 Kemmer Alley Boyerton,New Hampshire 39036-4084"
888,2020-02-05,2020-02-26,"8291 Strosin Circles West Jacquelyntown,Louisiana 85054-7763"
889,2020-03-18,2020-02-27,"9565 Macy Road Gabriellastad,Hawaii 59221"
890,2020-01-05,2020-01-03,"31333 Rickey Vista East Joanie,Nebraska 18599"
891,2020-02-11,2020-03-04,"405 Maximilian Fork Einoville,Texas 41860"
892,2020-03-18,2020-03-06,"6887 Karson Mission Westville,Ohio 30747"
893,2020-03-04,2020-02-10,"15205 Lester Inlet South Geraldhaven,Florida 19203"
894,2020-03-05,2020-03-05,"45469 Guiseppe Ville Humbertomouth,New Jersey 49042-9447"
895,2020-02-09,2020-02-09,"6343 Hattie Run East Dan,Montana 20809"
896,2020-01-05,2020-01-13,"4845 Lorine Camp Stoltenbergchester,Alaska 67416-9704"
897,2020-01-23,2020-03-26,"6380 Blick Point Micaelafort,Maine 24129-9957"
898,2020-02-15,2020-02-12,"6679 Littel Freeway North Marleybury,Indiana 00981-5602"
899,2020-02-05,2020-03-13,"939 Annalise Centers Smithville,Massachusetts 16735-0501"
900,2020-03-17,2020-02-01,"97122 Connor Mountains Romagueraborough,California 62002-4696"
901,2020-02-10,2020-02-14,"55804 Ilene Plains North Felton,North Dakota 16043-8956"
902,2020-02-24,2020-03-09,"557 Khalid Via Nolanfort,North Carolina 19017"
903,2020-02-14,2020-02-14,"0308 Mackenzie Valley Port Emiletown,Kentucky 47528"
904,2020-03-12,2020-01-10,"123 Myrtice Motorway New Ramonton,Missouri 74299"
905,2020-01-21,2020-02-27,"0619 Rogahn Orchard South Rebecamouth,Utah 10130"
906,2020-03-05,2020-01-25,"251 Kuphal Ridges Herminashire,Arkansas 58255-9788"
907,2020-01-19,2020-03-12,"694 Bell Expressway Emeliafurt,Florida 05876-1721"
908,2020-02-04,2020-03-16,"0004 Bailey Stravenue Schuylerfurt,Florida 86350"
909,2020-02-10,2020-01-12,"43879 Weber Drive Markston,Kentucky 16047-5749"
910,2020-03-03,2020-03-10,"885 Wunsch Freeway Robbhaven,Illinois 52031-9761"
911,2020-02-19,2020-01-09,"41250 Alexandra Route Trishamouth,Louisiana 98933"
912,2020-01-11,2020-02-01,"84673 Nellie Motorway Wolffton,North Carolina 64073"
913,2020-02-06,2020-01-02,"7294 Parisian Estates Lake Aurelio,Wisconsin 69007"
914,2020-01-23,2020-03-02,"959 Jaydon Point Lake Destinee,Nevada 13068"
915,2020-01-09,2020-02-08,"12879 Waelchi Knolls West Everette,Nevada 22327"
916,2020-01-25,2020-02-17,"2534 Pfannerstill Lodge East Jasenbury,Arizona 42188-2508"
917,2020-01-03,2020-03-11,"926 Glen Mount East Jacey,Rhode Island 79670"
918,2020-01-16,2020-03-14,"4844 Monahan Gateway Gloverchester,New York 86187"
919,2020-03-01,2020-03-09,"3940 Bogisich Neck Haylieberg,Maine 73831"
920,2020-02-11,2020-01-08,"62452 Bode Grove Fredaville,Texas 08417"
921,2020-02-18,2020-02-15,"19880 Frederik Ford West Augustaton,Alabama 59301-2556"
922,2020-03-16,2020-01-22,"263 Leffler Radial Ferryburgh,Louisiana 94619-0360"
923,2020-01-24,2020-01-07,"53880 Ruecker Causeway Morganberg,New Jersey 11359-5358"
924,2020-03-22,2020-02-14,"3258 Demario Creek Amaniville,Indiana 75604-6306"
925,2020-02-15,2020-01-05,"4485 Angelo Mill Gottliebside,Florida 93581-4415"
926,2020-01-27,2020-03-16,"76076 Grant Manors Port Modestohaven,Ohio 55186"
927,2020-01-06,2020-02-22,"78076 Jo View Anastasiaborough,Oregon 80692"
928,2020-01-11,2020-02-15,"50889 Hessel Key West Sidburgh,Maryland 50322-1032"
929,2020-02-23,2020-01-19,"182 Maynard Plains Lednerton,Maryland 96050"
930,2020-02-20,2020-01-01,"051 Schimmel Highway Danland,New Jersey 36430"
931,2020-01-07,2020-01-03,"34409 Laurel Centers West Karina,New York 41689-0439"
932,2020-03-14,2020-01-07,"001 Hosea Villages East Danialhaven,Maryland 76501-6923"
933,2020-02-25,2020-03-17,"19797 Moore Mission West Julesport,Delaware 37532-4226"
934,2020-02-01,2020-03-09,"841 Oliver Crest South Constanceview,Colorado 01254"
935,2020-02-08,2020-03-27,"780 Benny View East Damonburgh,Tennessee 07823-5973"
936,2020-03-02,2020-01-05,"783 Wolff Orchard New Jaydenshire,New Mexico 41530"
937,2020-01-15,2020-01-12,"4017 Schuyler Summit Dickensview,Hawaii 69624-5597"
938,2020-01-11,2020-02-18,"5899 Rowe Island South Caseyfort,Virginia 05312-8453"
939,2020-01-06,2020-02-24,"8832 Goldner Islands West Amari,Missouri 15633-4635"
940,2020-03-19,2020-02-25,"1470 Margot Burg South Nicole,Tennessee 46581-7811"
941,2020-02-25,2020-01-13,"767 Mertz Plains Lavadaside,Michigan 97784"
942,2020-01-07,2020-02-03,"05331 Ullrich River Schillerfort,Wisconsin 52593-8805"
943,2020-02-24,2020-02-14,"80562 Reilly Plaza Lake Andre,New Mexico 67051"
944,2020-03-25,2020-03-05,"1385 Ludwig Ridges Lake Zane,Connecticut 11294"
945,2020-02-10,2020-02-14,"9523 Reilly Manors Lake Cletusside,Nebraska 83562-9996"
946,2020-03-01,2020-02-18,"90362 Jacobson Hollow Port Cristina,New Jersey 96979"
947,2020-02-25,2020-03-12,"50013 Considine Park Emeraldmouth,Pennsylvania 95643"
948,2020-03-21,2020-03-04,"115 Lourdes Valleys East Ardella,New York 38745"
949,2020-02-05,2020-02-03,"49827 Madyson Lane Port Garth,California 46127"
950,2020-02-26,2020-01-03,"3292 Windler Extensions South Christianton,Washington 91480-3107"
951,2020-02-04,2020-01-11,"024 Schiller Pike Murraytown,Delaware 88910"
952,2020-02-20,2020-01-14,"35643 Carissa Trail Monahanville,Texas 95509-6231"
953,2020-03-02,2020-01-25,"96697 Stiedemann Court Lake Ralphland,Indiana 01073"
954,2020-02-17,2020-02-04,"65517 Bashirian Summit Dorthyshire,Maryland 42053"
955,2020-03-12,2020-01-06,"33682 Abshire Shores Lilliestad,Iowa 59104"
956,2020-02-21,2020-02-06,"015 Dimitri Causeway Lake Madilyn,West Virginia 22410"
957,2020-01-02,2020-03-19,"8046 Altenwerth Glens Meggiefort,Illinois 56633"
958,2020-01-10,2020-01-21,"6829 Merl Valley Boscoville,Missouri 77097-7654"
959,2020-01-20,2020-02-15,"0754 Corwin Road South Ayla,Idaho 10270-7032"
960,2020-02-25,2020-01-08,"985 Leffler Key North Kaydenhaven,Tennessee 70968"
961,2020-01-22,2020-03-05,"39515 Schmeler Ports Goldnershire,Kansas 33259-5785"
962,2020-01-02,2020-01-05,"22166 Kuvalis Roads New Dejah,Arizona 60764-9842"
963,2020-03-07,2020-02-12,"714 Diamond Spurs Elishastad,New Hampshire 77690"
964,2020-02-07,2020-01-22,"21845 Nicolas Walks West Aida,Alabama 44717-4541"
965,2020-01-21,2020-03-02,"2736 Schimmel Greens East Christyland,Mississippi 85068-3214"
966,2020-01-06,2020-02-24,"78160 Zander Summit Jenkinschester,Vermont 57059-1703"
967,2020-03-01,2020-01-13,"5209 McDermott Ports New Jasenport,Florida 38641-7599"
968,2020-01-11,2020-02-15,"46579 Colleen Forks Trefort,Tennessee 83584"
969,2020-01-13,2020-01-08,"3674 Tavares Overpass Maryseshire,Iowa 92098"
970,2020-01-23,2020-02-25,"12494 Kunde Court Holdentown,Colorado 64851-3303"
971,2020-02-24,2020-01-14,"42164 Jimmy Highway New Keagan,Illinois 10000"
972,2020-03-17,2020-01-03,"41457 Turcotte Knoll Wittingville,Oregon 17384"
973,2020-03-12,2020-03-17,"8286 Sanford Lodge New Edgarmouth,South Carolina 68886"
974,2020-01-03,2020-01-01,"6978 Kennedy Parkway Lake Levi,Idaho 08443"
975,2020-01-13,2020-02-10,"3406 Verona View Willaview,Alabama 76796"
976,2020-01-26,2020-01-26,"83808 Swift Radial East Kyler,Kentucky 66109"
977,2020-03-06,2020-03-01,"5031 Effertz Square Lake Kelsishire,Delaware 64989"
978,2020-01-19,2020-02-08,"4887 Ernser Field Port Brendenmouth,Georgia 51458-4688"
979,2020-02-05,2020-03-13,"550 Kelly Neck Lake Isabelleside,Missouri 00147-1500"
980,2020-01-04,2020-03-09,"4864 Doyle Avenue Brainton,Maine 47440-8270"
981,2020-01-16,2020-02-02,"88336 Kertzmann Club Dejahland,Oklahoma 07258"
982,2020-02-07,2020-01-02,"323 Ullrich Ranch Hammesport,Arizona 81606-4803"
983,2020-03-27,2020-02-20,"0178 Hudson Route Brownton,Idaho 42102-9885"
984,2020-02-03,2020-01-23,"751 Shanelle Rapid Lake Addison,Missouri 80242"
985,2020-01-03,2020-02-26,"8613 White Stream Gailhaven,Texas 44140-1632"
986,2020-03-12,2020-02-01,"861 Pollich Rue New Antonettashire,Michigan 62414"
987,2020-02-02,2020-03-26,"484 Princess Club Nitzschestad,Illinois 85624-0580"
988,2020-03-18,2020-03-21,"5216 Ondricka Crest Maeport,Iowa 64243-8403"
989,2020-01-24,2020-02-26,"497 Filomena Passage South Emeraldbury,South Carolina 00304"
990,2020-03-22,2020-03-24,"99273 Homenick Ports Hoppefort,Alabama 21962-2677"
991,2020-03-11,2020-02-20,"823 Josiah Shores East Fayside,Nevada 50132"
992,2020-01-20,2020-01-10,"226 Wiegand Highway West Rodrigo,Oregon 51006"
993,2020-03-15,2020-03-18,"335 Clarabelle Crossing North Pierce,Pennsylvania 72896"
994,2020-03-02,2020-02-04,"38019 DuBuque Ford Luisaport,West Virginia 56421"
995,2020-02-09,2020-02-19,"1722 Jonathon Club Lubowitzborough,Oklahoma 20543"
996,2020-03-22,2020-02-07,"025 Jerde Gateway New Declan,New Jersey 12909"
997,2020-02-09,2020-01-08,"81729 Liliane Extension Spinkamouth,Arizona 25826-5571"
998,2020-02-19,2020-02-07,"320 Colton Islands East Jacquesborough,Oklahoma 20815-1528"
999,2020-02-10,2020-02-04,"5265 Diamond Island Port Jaunitatown,Wisconsin 67740"
